time,scenario,region,pr_anomaly
2015-12-31 00:00:00,ssp126,Global,-0.013023376
2016-12-31 00:00:00,ssp126,Global,-0.007555723
2017-12-31 00:00:00,ssp126,Global,0.007903099
2018-12-31 00:00:00,ssp126,Global,-0.0011115074
2019-12-31 00:00:00,ssp126,Global,0.0050828457
2020-12-31 00:00:00,ssp126,Global,0.014146328
2021-12-31 00:00:00,ssp126,Global,0.019266844
2022-12-31 00:00:00,ssp126,Global,0.015161276
2023-12-31 00:00:00,ssp126,Global,0.015660048
2024-12-31 00:00:00,ssp126,Global,0.0008342266
2025-12-31 00:00:00,ssp126,Global,0.028597116
2026-12-31 00:00:00,ssp126,Global,0.026350975
2027-12-31 00:00:00,ssp126,Global,0.012933016
2028-12-31 00:00:00,ssp126,Global,0.021386623
2029-12-31 00:00:00,ssp126,Global,0.028563976
2030-12-31 00:00:00,ssp126,Global,0.03813982
2031-12-31 00:00:00,ssp126,Global,0.028349876
2032-12-31 00:00:00,ssp126,Global,0.022818089
2033-12-31 00:00:00,ssp126,Global,0.026210785
2034-12-31 00:00:00,ssp126,Global,0.04752636
2035-12-31 00:00:00,ssp126,Global,0.017748356
2036-12-31 00:00:00,ssp126,Global,0.027249098
2037-12-31 00:00:00,ssp126,Global,0.04284191
2038-12-31 00:00:00,ssp126,Global,0.018171787
2039-12-31 00:00:00,ssp126,Global,0.014633656
2040-12-31 00:00:00,ssp126,Global,0.03418994
2041-12-31 00:00:00,ssp126,Global,0.04660225
2042-12-31 00:00:00,ssp126,Global,0.03913188
2043-12-31 00:00:00,ssp126,Global,0.044614315
2044-12-31 00:00:00,ssp126,Global,0.016650677
2045-12-31 00:00:00,ssp126,Global,0.01905036
2046-12-31 00:00:00,ssp126,Global,0.04073286
2047-12-31 00:00:00,ssp126,Global,0.029022455
2048-12-31 00:00:00,ssp126,Global,0.022340298
2049-12-31 00:00:00,ssp126,Global,0.04250884
2050-12-31 00:00:00,ssp126,Global,0.034222126
2051-12-31 00:00:00,ssp126,Global,0.034572124
2052-12-31 00:00:00,ssp126,Global,0.036756992
2053-12-31 00:00:00,ssp126,Global,0.021867514
2054-12-31 00:00:00,ssp126,Global,0.021606207
2055-12-31 00:00:00,ssp126,Global,0.036327362
2056-12-31 00:00:00,ssp126,Global,0.05583787
2057-12-31 00:00:00,ssp126,Global,0.04887438
2058-12-31 00:00:00,ssp126,Global,0.033495188
2059-12-31 00:00:00,ssp126,Global,0.04403329
2060-12-31 00:00:00,ssp126,Global,0.04631257
2061-12-31 00:00:00,ssp126,Global,0.039999247
2062-12-31 00:00:00,ssp126,Global,0.042052984
2063-12-31 00:00:00,ssp126,Global,0.03951502
2064-12-31 00:00:00,ssp126,Global,0.03577757
2065-12-31 00:00:00,ssp126,Global,0.044980764
2066-12-31 00:00:00,ssp126,Global,0.056093454
2067-12-31 00:00:00,ssp126,Global,0.05510807
2068-12-31 00:00:00,ssp126,Global,0.04363489
2069-12-31 00:00:00,ssp126,Global,0.044287443
2070-12-31 00:00:00,ssp126,Global,0.054066658
2071-12-31 00:00:00,ssp126,Global,0.039794922
2072-12-31 00:00:00,ssp126,Global,0.050299406
2073-12-31 00:00:00,ssp126,Global,0.036584377
2074-12-31 00:00:00,ssp126,Global,0.043379545
2075-12-31 00:00:00,ssp126,Global,0.038560152
2076-12-31 00:00:00,ssp126,Global,0.030939102
2077-12-31 00:00:00,ssp126,Global,0.042484045
2078-12-31 00:00:00,ssp126,Global,0.060014248
2079-12-31 00:00:00,ssp126,Global,0.032417297
2080-12-31 00:00:00,ssp126,Global,0.057270527
2081-12-31 00:00:00,ssp126,Global,0.030828238
2082-12-31 00:00:00,ssp126,Global,0.0644176
2083-12-31 00:00:00,ssp126,Global,0.046152115
2084-12-31 00:00:00,ssp126,Global,0.04234886
2085-12-31 00:00:00,ssp126,Global,0.041173935
2086-12-31 00:00:00,ssp126,Global,0.05520463
2087-12-31 00:00:00,ssp126,Global,0.05005312
2088-12-31 00:00:00,ssp126,Global,0.05339384
2089-12-31 00:00:00,ssp126,Global,0.05577755
2090-12-31 00:00:00,ssp126,Global,0.046525955
2091-12-31 00:00:00,ssp126,Global,0.04180765
2092-12-31 00:00:00,ssp126,Global,0.052046537
2093-12-31 00:00:00,ssp126,Global,0.05039692
2094-12-31 00:00:00,ssp126,Global,0.0465405
2095-12-31 00:00:00,ssp126,Global,0.037191868
2096-12-31 00:00:00,ssp126,Global,0.033023596
2097-12-31 00:00:00,ssp126,Global,0.05147195
2098-12-31 00:00:00,ssp126,Global,0.044463396
2099-12-31 00:00:00,ssp126,Global,0.043975115
2100-12-31 00:00:00,ssp126,Global,0.033098936
2015-12-31 00:00:00,ssp126,North America,-0.13010192
2016-12-31 00:00:00,ssp126,North America,-0.030290127
2017-12-31 00:00:00,ssp126,North America,0.031793833
2018-12-31 00:00:00,ssp126,North America,-0.10651994
2019-12-31 00:00:00,ssp126,North America,-0.029524803
2020-12-31 00:00:00,ssp126,North America,-0.030575037
2021-12-31 00:00:00,ssp126,North America,-0.012267351
2022-12-31 00:00:00,ssp126,North America,-0.036362886
2023-12-31 00:00:00,ssp126,North America,-0.060132504
2024-12-31 00:00:00,ssp126,North America,-0.16064644
2025-12-31 00:00:00,ssp126,North America,-0.046923637
2026-12-31 00:00:00,ssp126,North America,-0.021653175
2027-12-31 00:00:00,ssp126,North America,-0.038658142
2028-12-31 00:00:00,ssp126,North America,0.030696869
2029-12-31 00:00:00,ssp126,North America,0.033560753
2030-12-31 00:00:00,ssp126,North America,0.031102657
2031-12-31 00:00:00,ssp126,North America,0.043072462
2032-12-31 00:00:00,ssp126,North America,0.01970315
2033-12-31 00:00:00,ssp126,North America,0.069073915
2034-12-31 00:00:00,ssp126,North America,0.08055329
2035-12-31 00:00:00,ssp126,North America,0.006708622
2036-12-31 00:00:00,ssp126,North America,0.029219866
2037-12-31 00:00:00,ssp126,North America,0.06440687
2038-12-31 00:00:00,ssp126,North America,0.032166958
2039-12-31 00:00:00,ssp126,North America,0.059509277
2040-12-31 00:00:00,ssp126,North America,0.0015516281
2041-12-31 00:00:00,ssp126,North America,0.09714365
2042-12-31 00:00:00,ssp126,North America,0.08337903
2043-12-31 00:00:00,ssp126,North America,0.0705452
2044-12-31 00:00:00,ssp126,North America,0.018407583
2045-12-31 00:00:00,ssp126,North America,0.12460041
2046-12-31 00:00:00,ssp126,North America,0.08121824
2047-12-31 00:00:00,ssp126,North America,0.061328888
2048-12-31 00:00:00,ssp126,North America,0.04467392
2049-12-31 00:00:00,ssp126,North America,0.11413884
2050-12-31 00:00:00,ssp126,North America,0.06260586
2051-12-31 00:00:00,ssp126,North America,0.10444212
2052-12-31 00:00:00,ssp126,North America,0.053148508
2053-12-31 00:00:00,ssp126,North America,0.04305935
2054-12-31 00:00:00,ssp126,North America,0.03189397
2055-12-31 00:00:00,ssp126,North America,0.09761119
2056-12-31 00:00:00,ssp126,North America,0.10601902
2057-12-31 00:00:00,ssp126,North America,0.019430399
2058-12-31 00:00:00,ssp126,North America,0.010760307
2059-12-31 00:00:00,ssp126,North America,0.038152695
2060-12-31 00:00:00,ssp126,North America,0.08069706
2061-12-31 00:00:00,ssp126,North America,0.10561824
2062-12-31 00:00:00,ssp126,North America,0.09710932
2063-12-31 00:00:00,ssp126,North America,0.020928621
2064-12-31 00:00:00,ssp126,North America,0.030878305
2065-12-31 00:00:00,ssp126,North America,0.063601255
2066-12-31 00:00:00,ssp126,North America,0.07337761
2067-12-31 00:00:00,ssp126,North America,0.076180935
2068-12-31 00:00:00,ssp126,North America,0.0950048
2069-12-31 00:00:00,ssp126,North America,0.086125374
2070-12-31 00:00:00,ssp126,North America,0.043716908
2071-12-31 00:00:00,ssp126,North America,-0.027397394
2072-12-31 00:00:00,ssp126,North America,0.010466337
2073-12-31 00:00:00,ssp126,North America,-0.014029503
2074-12-31 00:00:00,ssp126,North America,0.06129694
2075-12-31 00:00:00,ssp126,North America,0.073960066
2076-12-31 00:00:00,ssp126,North America,0.056624413
2077-12-31 00:00:00,ssp126,North America,0.13879752
2078-12-31 00:00:00,ssp126,North America,0.038386583
2079-12-31 00:00:00,ssp126,North America,0.044804096
2080-12-31 00:00:00,ssp126,North America,0.106880665
2081-12-31 00:00:00,ssp126,North America,-0.013194799
2082-12-31 00:00:00,ssp126,North America,0.15044665
2083-12-31 00:00:00,ssp126,North America,-0.0459435
2084-12-31 00:00:00,ssp126,North America,0.014270306
2085-12-31 00:00:00,ssp126,North America,-0.00762105
2086-12-31 00:00:00,ssp126,North America,0.036767244
2087-12-31 00:00:00,ssp126,North America,0.09075642
2088-12-31 00:00:00,ssp126,North America,0.09594703
2089-12-31 00:00:00,ssp126,North America,0.05780506
2090-12-31 00:00:00,ssp126,North America,0.102030754
2091-12-31 00:00:00,ssp126,North America,0.027240276
2092-12-31 00:00:00,ssp126,North America,0.09807873
2093-12-31 00:00:00,ssp126,North America,0.15560842
2094-12-31 00:00:00,ssp126,North America,0.08631587
2095-12-31 00:00:00,ssp126,North America,0.036625862
2096-12-31 00:00:00,ssp126,North America,0.03368759
2097-12-31 00:00:00,ssp126,North America,0.102884054
2098-12-31 00:00:00,ssp126,North America,0.10539627
2099-12-31 00:00:00,ssp126,North America,0.061006784
2100-12-31 00:00:00,ssp126,North America,0.117554665
2015-12-31 00:00:00,ssp126,South America,-0.11665034
2016-12-31 00:00:00,ssp126,South America,-0.3603387
2017-12-31 00:00:00,ssp126,South America,-0.16107011
2018-12-31 00:00:00,ssp126,South America,-0.081801176
2019-12-31 00:00:00,ssp126,South America,-0.06337714
2020-12-31 00:00:00,ssp126,South America,-0.1935792
2021-12-31 00:00:00,ssp126,South America,-0.0025393963
2022-12-31 00:00:00,ssp126,South America,0.081717014
2023-12-31 00:00:00,ssp126,South America,0.038072824
2024-12-31 00:00:00,ssp126,South America,-0.010458946
2025-12-31 00:00:00,ssp126,South America,-0.189502
2026-12-31 00:00:00,ssp126,South America,-0.15443945
2027-12-31 00:00:00,ssp126,South America,-0.17601562
2028-12-31 00:00:00,ssp126,South America,-0.1794343
2029-12-31 00:00:00,ssp126,South America,-0.24835825
2030-12-31 00:00:00,ssp126,South America,-0.20784378
2031-12-31 00:00:00,ssp126,South America,-0.12994766
2032-12-31 00:00:00,ssp126,South America,-0.010954142
2033-12-31 00:00:00,ssp126,South America,-0.20029569
2034-12-31 00:00:00,ssp126,South America,-0.14318585
2035-12-31 00:00:00,ssp126,South America,-0.110630035
2036-12-31 00:00:00,ssp126,South America,-0.27929473
2037-12-31 00:00:00,ssp126,South America,-0.11867452
2038-12-31 00:00:00,ssp126,South America,-0.08308387
2039-12-31 00:00:00,ssp126,South America,-0.024721622
2040-12-31 00:00:00,ssp126,South America,-0.04362631
2041-12-31 00:00:00,ssp126,South America,-0.22927594
2042-12-31 00:00:00,ssp126,South America,-0.14174104
2043-12-31 00:00:00,ssp126,South America,-0.065018654
2044-12-31 00:00:00,ssp126,South America,-0.098315716
2045-12-31 00:00:00,ssp126,South America,-0.2800219
2046-12-31 00:00:00,ssp126,South America,-0.36005163
2047-12-31 00:00:00,ssp126,South America,-0.17447066
2048-12-31 00:00:00,ssp126,South America,-0.14196205
2049-12-31 00:00:00,ssp126,South America,-0.12130952
2050-12-31 00:00:00,ssp126,South America,-0.22231793
2051-12-31 00:00:00,ssp126,South America,-0.1551044
2052-12-31 00:00:00,ssp126,South America,-0.18316317
2053-12-31 00:00:00,ssp126,South America,-0.112098694
2054-12-31 00:00:00,ssp126,South America,-0.43763328
2055-12-31 00:00:00,ssp126,South America,-0.26588917
2056-12-31 00:00:00,ssp126,South America,-0.123699665
2057-12-31 00:00:00,ssp126,South America,-0.09923148
2058-12-31 00:00:00,ssp126,South America,-0.03467989
2059-12-31 00:00:00,ssp126,South America,-0.076054335
2060-12-31 00:00:00,ssp126,South America,-0.27486205
2061-12-31 00:00:00,ssp126,South America,-0.3235724
2062-12-31 00:00:00,ssp126,South America,-0.036047935
2063-12-31 00:00:00,ssp126,South America,-0.18375087
2064-12-31 00:00:00,ssp126,South America,-0.09238911
2065-12-31 00:00:00,ssp126,South America,-0.07292938
2066-12-31 00:00:00,ssp126,South America,-0.19559336
2067-12-31 00:00:00,ssp126,South America,-0.052910566
2068-12-31 00:00:00,ssp126,South America,-0.20602918
2069-12-31 00:00:00,ssp126,South America,-0.15556955
2070-12-31 00:00:00,ssp126,South America,0.06556964
2071-12-31 00:00:00,ssp126,South America,-0.001650095
2072-12-31 00:00:00,ssp126,South America,-0.03647971
2073-12-31 00:00:00,ssp126,South America,-0.13337755
2074-12-31 00:00:00,ssp126,South America,-0.042474747
2075-12-31 00:00:00,ssp126,South America,-0.13283062
2076-12-31 00:00:00,ssp126,South America,-0.24236727
2077-12-31 00:00:00,ssp126,South America,-0.26965857
2078-12-31 00:00:00,ssp126,South America,-0.26202703
2079-12-31 00:00:00,ssp126,South America,-0.15067053
2080-12-31 00:00:00,ssp126,South America,-0.15202618
2081-12-31 00:00:00,ssp126,South America,-0.25968432
2082-12-31 00:00:00,ssp126,South America,-0.11821842
2083-12-31 00:00:00,ssp126,South America,-0.05770445
2084-12-31 00:00:00,ssp126,South America,0.21451569
2085-12-31 00:00:00,ssp126,South America,-0.24234462
2086-12-31 00:00:00,ssp126,South America,-0.1604693
2087-12-31 00:00:00,ssp126,South America,-0.07688761
2088-12-31 00:00:00,ssp126,South America,0.0224967
2089-12-31 00:00:00,ssp126,South America,-0.122891665
2090-12-31 00:00:00,ssp126,South America,-0.19171214
2091-12-31 00:00:00,ssp126,South America,-0.111540556
2092-12-31 00:00:00,ssp126,South America,-0.04000783
2093-12-31 00:00:00,ssp126,South America,-0.13641334
2094-12-31 00:00:00,ssp126,South America,0.03420973
2095-12-31 00:00:00,ssp126,South America,-0.11740613
2096-12-31 00:00:00,ssp126,South America,-0.18597198
2097-12-31 00:00:00,ssp126,South America,-0.08572221
2098-12-31 00:00:00,ssp126,South America,-0.08473182
2099-12-31 00:00:00,ssp126,South America,-0.23035097
2100-12-31 00:00:00,ssp126,South America,-0.1782856
2015-12-31 00:00:00,ssp126,Europe,-0.052496433
2016-12-31 00:00:00,ssp126,Europe,0.04329419
2017-12-31 00:00:00,ssp126,Europe,0.004537344
2018-12-31 00:00:00,ssp126,Europe,-0.06479359
2019-12-31 00:00:00,ssp126,Europe,-0.028461695
2020-12-31 00:00:00,ssp126,Europe,0.087142944
2021-12-31 00:00:00,ssp126,Europe,0.04748082
2022-12-31 00:00:00,ssp126,Europe,-0.05481577
2023-12-31 00:00:00,ssp126,Europe,-0.046158552
2024-12-31 00:00:00,ssp126,Europe,-0.033839703
2025-12-31 00:00:00,ssp126,Europe,0.06722045
2026-12-31 00:00:00,ssp126,Europe,-0.059711933
2027-12-31 00:00:00,ssp126,Europe,-0.073194265
2028-12-31 00:00:00,ssp126,Europe,0.09597039
2029-12-31 00:00:00,ssp126,Europe,0.023337126
2030-12-31 00:00:00,ssp126,Europe,0.06745529
2031-12-31 00:00:00,ssp126,Europe,0.023946762
2032-12-31 00:00:00,ssp126,Europe,0.014439344
2033-12-31 00:00:00,ssp126,Europe,0.021958828
2034-12-31 00:00:00,ssp126,Europe,0.043540955
2035-12-31 00:00:00,ssp126,Europe,0.0049521923
2036-12-31 00:00:00,ssp126,Europe,-0.048794985
2037-12-31 00:00:00,ssp126,Europe,0.08516884
2038-12-31 00:00:00,ssp126,Europe,0.0063946247
2039-12-31 00:00:00,ssp126,Europe,-0.06370139
2040-12-31 00:00:00,ssp126,Europe,-0.029455662
2041-12-31 00:00:00,ssp126,Europe,-0.018077612
2042-12-31 00:00:00,ssp126,Europe,-0.08380866
2043-12-31 00:00:00,ssp126,Europe,-0.009639263
2044-12-31 00:00:00,ssp126,Europe,-0.005858183
2045-12-31 00:00:00,ssp126,Europe,0.0004851818
2046-12-31 00:00:00,ssp126,Europe,-0.053204298
2047-12-31 00:00:00,ssp126,Europe,-0.015858412
2048-12-31 00:00:00,ssp126,Europe,-0.018909216
2049-12-31 00:00:00,ssp126,Europe,-0.025183678
2050-12-31 00:00:00,ssp126,Europe,0.012430191
2051-12-31 00:00:00,ssp126,Europe,0.016640902
2052-12-31 00:00:00,ssp126,Europe,-0.003811121
2053-12-31 00:00:00,ssp126,Europe,0.05051446
2054-12-31 00:00:00,ssp126,Europe,0.057994843
2055-12-31 00:00:00,ssp126,Europe,-0.02020526
2056-12-31 00:00:00,ssp126,Europe,0.021953583
2057-12-31 00:00:00,ssp126,Europe,0.01398468
2058-12-31 00:00:00,ssp126,Europe,0.012897253
2059-12-31 00:00:00,ssp126,Europe,-0.014945984
2060-12-31 00:00:00,ssp126,Europe,0.030696154
2061-12-31 00:00:00,ssp126,Europe,0.01560688
2062-12-31 00:00:00,ssp126,Europe,-0.058419704
2063-12-31 00:00:00,ssp126,Europe,-0.025271177
2064-12-31 00:00:00,ssp126,Europe,0.044858694
2065-12-31 00:00:00,ssp126,Europe,-0.055096626
2066-12-31 00:00:00,ssp126,Europe,0.08395624
2067-12-31 00:00:00,ssp126,Europe,-0.022946835
2068-12-31 00:00:00,ssp126,Europe,0.07903743
2069-12-31 00:00:00,ssp126,Europe,0.04757905
2070-12-31 00:00:00,ssp126,Europe,-0.034864902
2071-12-31 00:00:00,ssp126,Europe,-0.10344887
2072-12-31 00:00:00,ssp126,Europe,-0.04882145
2073-12-31 00:00:00,ssp126,Europe,-0.034941673
2074-12-31 00:00:00,ssp126,Europe,-0.0505085
2075-12-31 00:00:00,ssp126,Europe,-0.01181078
2076-12-31 00:00:00,ssp126,Europe,-0.03869152
2077-12-31 00:00:00,ssp126,Europe,0.030864
2078-12-31 00:00:00,ssp126,Europe,0.09663749
2079-12-31 00:00:00,ssp126,Europe,-0.025844336
2080-12-31 00:00:00,ssp126,Europe,-0.00021982193
2081-12-31 00:00:00,ssp126,Europe,0.029984951
2082-12-31 00:00:00,ssp126,Europe,0.08428931
2083-12-31 00:00:00,ssp126,Europe,0.06874037
2084-12-31 00:00:00,ssp126,Europe,-0.040234804
2085-12-31 00:00:00,ssp126,Europe,-0.012396336
2086-12-31 00:00:00,ssp126,Europe,-0.026900053
2087-12-31 00:00:00,ssp126,Europe,0.018267155
2088-12-31 00:00:00,ssp126,Europe,0.051293373
2089-12-31 00:00:00,ssp126,Europe,0.016576052
2090-12-31 00:00:00,ssp126,Europe,0.00861001
2091-12-31 00:00:00,ssp126,Europe,0.036771774
2092-12-31 00:00:00,ssp126,Europe,0.0415051
2093-12-31 00:00:00,ssp126,Europe,0.005803108
2094-12-31 00:00:00,ssp126,Europe,-0.05818653
2095-12-31 00:00:00,ssp126,Europe,-0.007416725
2096-12-31 00:00:00,ssp126,Europe,-0.06775117
2097-12-31 00:00:00,ssp126,Europe,-0.012665272
2098-12-31 00:00:00,ssp126,Europe,-0.06691527
2099-12-31 00:00:00,ssp126,Europe,-0.007165432
2100-12-31 00:00:00,ssp126,Europe,-0.074154854
2015-12-31 00:00:00,ssp126,Africa,-0.030263424
2016-12-31 00:00:00,ssp126,Africa,-0.0045683384
2017-12-31 00:00:00,ssp126,Africa,-0.117381096
2018-12-31 00:00:00,ssp126,Africa,-0.11453891
2019-12-31 00:00:00,ssp126,Africa,-0.052332163
2020-12-31 00:00:00,ssp126,Africa,-0.04569125
2021-12-31 00:00:00,ssp126,Africa,-0.22681415
2022-12-31 00:00:00,ssp126,Africa,-0.15537798
2023-12-31 00:00:00,ssp126,Africa,-0.080638885
2024-12-31 00:00:00,ssp126,Africa,-0.05947852
2025-12-31 00:00:00,ssp126,Africa,-0.09703565
2026-12-31 00:00:00,ssp126,Africa,-0.22265065
2027-12-31 00:00:00,ssp126,Africa,-0.12683511
2028-12-31 00:00:00,ssp126,Africa,-0.13589227
2029-12-31 00:00:00,ssp126,Africa,-0.037896633
2030-12-31 00:00:00,ssp126,Africa,0.071302176
2031-12-31 00:00:00,ssp126,Africa,-0.039597034
2032-12-31 00:00:00,ssp126,Africa,-0.047471046
2033-12-31 00:00:00,ssp126,Africa,0.06917834
2034-12-31 00:00:00,ssp126,Africa,0.020597458
2035-12-31 00:00:00,ssp126,Africa,-0.016496897
2036-12-31 00:00:00,ssp126,Africa,0.10172248
2037-12-31 00:00:00,ssp126,Africa,0.042550564
2038-12-31 00:00:00,ssp126,Africa,-0.014560223
2039-12-31 00:00:00,ssp126,Africa,-0.05886078
2040-12-31 00:00:00,ssp126,Africa,0.061989784
2041-12-31 00:00:00,ssp126,Africa,0.011949778
2042-12-31 00:00:00,ssp126,Africa,-0.12602377
2043-12-31 00:00:00,ssp126,Africa,-0.15625238
2044-12-31 00:00:00,ssp126,Africa,-0.09551048
2045-12-31 00:00:00,ssp126,Africa,0.1586175
2046-12-31 00:00:00,ssp126,Africa,-0.06078291
2047-12-31 00:00:00,ssp126,Africa,-0.03586793
2048-12-31 00:00:00,ssp126,Africa,-0.0032372475
2049-12-31 00:00:00,ssp126,Africa,-0.013055801
2050-12-31 00:00:00,ssp126,Africa,-0.040222168
2051-12-31 00:00:00,ssp126,Africa,0.0923903
2052-12-31 00:00:00,ssp126,Africa,0.086634636
2053-12-31 00:00:00,ssp126,Africa,-0.14865196
2054-12-31 00:00:00,ssp126,Africa,-0.14603889
2055-12-31 00:00:00,ssp126,Africa,-0.007582426
2056-12-31 00:00:00,ssp126,Africa,0.15974212
2057-12-31 00:00:00,ssp126,Africa,-0.07805586
2058-12-31 00:00:00,ssp126,Africa,-0.005065918
2059-12-31 00:00:00,ssp126,Africa,-0.04299307
2060-12-31 00:00:00,ssp126,Africa,-0.018812895
2061-12-31 00:00:00,ssp126,Africa,-0.11493707
2062-12-31 00:00:00,ssp126,Africa,-0.08093548
2063-12-31 00:00:00,ssp126,Africa,-0.113772154
2064-12-31 00:00:00,ssp126,Africa,-0.10539794
2065-12-31 00:00:00,ssp126,Africa,-0.08467555
2066-12-31 00:00:00,ssp126,Africa,0.028930426
2067-12-31 00:00:00,ssp126,Africa,-0.00021314621
2068-12-31 00:00:00,ssp126,Africa,-0.15222394
2069-12-31 00:00:00,ssp126,Africa,-0.1001153
2070-12-31 00:00:00,ssp126,Africa,-0.028256416
2071-12-31 00:00:00,ssp126,Africa,-0.043414116
2072-12-31 00:00:00,ssp126,Africa,0.016616821
2073-12-31 00:00:00,ssp126,Africa,-0.050923824
2074-12-31 00:00:00,ssp126,Africa,-0.07648349
2075-12-31 00:00:00,ssp126,Africa,-0.11754608
2076-12-31 00:00:00,ssp126,Africa,-0.02920127
2077-12-31 00:00:00,ssp126,Africa,-0.06556702
2078-12-31 00:00:00,ssp126,Africa,-0.10157943
2079-12-31 00:00:00,ssp126,Africa,-0.18775368
2080-12-31 00:00:00,ssp126,Africa,-0.0799911
2081-12-31 00:00:00,ssp126,Africa,-0.15642405
2082-12-31 00:00:00,ssp126,Africa,-0.13223398
2083-12-31 00:00:00,ssp126,Africa,-0.108567
2084-12-31 00:00:00,ssp126,Africa,-0.17366004
2085-12-31 00:00:00,ssp126,Africa,-0.031463623
2086-12-31 00:00:00,ssp126,Africa,-0.08492088
2087-12-31 00:00:00,ssp126,Africa,-0.03856492
2088-12-31 00:00:00,ssp126,Africa,-0.13018584
2089-12-31 00:00:00,ssp126,Africa,-0.10474777
2090-12-31 00:00:00,ssp126,Africa,-0.07380843
2091-12-31 00:00:00,ssp126,Africa,-0.10498667
2092-12-31 00:00:00,ssp126,Africa,-0.027724266
2093-12-31 00:00:00,ssp126,Africa,-0.21172082
2094-12-31 00:00:00,ssp126,Africa,-0.07104945
2095-12-31 00:00:00,ssp126,Africa,-0.079330444
2096-12-31 00:00:00,ssp126,Africa,-0.057999134
2097-12-31 00:00:00,ssp126,Africa,-0.09264207
2098-12-31 00:00:00,ssp126,Africa,-0.055249453
2099-12-31 00:00:00,ssp126,Africa,-0.056592226
2100-12-31 00:00:00,ssp126,Africa,-0.07807517
2015-12-31 00:00:00,ssp126,Asia,0.038589954
2016-12-31 00:00:00,ssp126,Asia,-0.020378828
2017-12-31 00:00:00,ssp126,Asia,-0.10357022
2018-12-31 00:00:00,ssp126,Asia,0.0065677166
2019-12-31 00:00:00,ssp126,Asia,-0.06833005
2020-12-31 00:00:00,ssp126,Asia,-0.0745852
2021-12-31 00:00:00,ssp126,Asia,-0.12045598
2022-12-31 00:00:00,ssp126,Asia,-0.015372276
2023-12-31 00:00:00,ssp126,Asia,0.04016757
2024-12-31 00:00:00,ssp126,Asia,0.0931828
2025-12-31 00:00:00,ssp126,Asia,0.025267124
2026-12-31 00:00:00,ssp126,Asia,-0.049114704
2027-12-31 00:00:00,ssp126,Asia,0.0503664
2028-12-31 00:00:00,ssp126,Asia,-0.015459061
2029-12-31 00:00:00,ssp126,Asia,-0.06332302
2030-12-31 00:00:00,ssp126,Asia,0.025535345
2031-12-31 00:00:00,ssp126,Asia,0.011055231
2032-12-31 00:00:00,ssp126,Asia,0.07617736
2033-12-31 00:00:00,ssp126,Asia,-0.039032698
2034-12-31 00:00:00,ssp126,Asia,-0.026880741
2035-12-31 00:00:00,ssp126,Asia,0.04706955
2036-12-31 00:00:00,ssp126,Asia,-0.103060246
2037-12-31 00:00:00,ssp126,Asia,0.00948143
2038-12-31 00:00:00,ssp126,Asia,0.020437717
2039-12-31 00:00:00,ssp126,Asia,-0.024627447
2040-12-31 00:00:00,ssp126,Asia,0.04592514
2041-12-31 00:00:00,ssp126,Asia,-0.040918827
2042-12-31 00:00:00,ssp126,Asia,0.00014185905
2043-12-31 00:00:00,ssp126,Asia,-0.0018889904
2044-12-31 00:00:00,ssp126,Asia,0.026066065
2045-12-31 00:00:00,ssp126,Asia,0.024852514
2046-12-31 00:00:00,ssp126,Asia,0.031938076
2047-12-31 00:00:00,ssp126,Asia,0.046339512
2048-12-31 00:00:00,ssp126,Asia,0.03616023
2049-12-31 00:00:00,ssp126,Asia,-9.4890594e-05
2050-12-31 00:00:00,ssp126,Asia,0.083687544
2051-12-31 00:00:00,ssp126,Asia,-0.00888586
2052-12-31 00:00:00,ssp126,Asia,0.030331612
2053-12-31 00:00:00,ssp126,Asia,0.07339144
2054-12-31 00:00:00,ssp126,Asia,0.03627634
2055-12-31 00:00:00,ssp126,Asia,0.051811695
2056-12-31 00:00:00,ssp126,Asia,0.07778144
2057-12-31 00:00:00,ssp126,Asia,0.07869053
2058-12-31 00:00:00,ssp126,Asia,0.071942806
2059-12-31 00:00:00,ssp126,Asia,0.08780193
2060-12-31 00:00:00,ssp126,Asia,0.054685593
2061-12-31 00:00:00,ssp126,Asia,0.027565718
2062-12-31 00:00:00,ssp126,Asia,0.11661363
2063-12-31 00:00:00,ssp126,Asia,0.15870857
2064-12-31 00:00:00,ssp126,Asia,0.053879023
2065-12-31 00:00:00,ssp126,Asia,0.087421656
2066-12-31 00:00:00,ssp126,Asia,0.04395485
2067-12-31 00:00:00,ssp126,Asia,0.06529999
2068-12-31 00:00:00,ssp126,Asia,0.10429549
2069-12-31 00:00:00,ssp126,Asia,0.08678341
2070-12-31 00:00:00,ssp126,Asia,0.02260089
2071-12-31 00:00:00,ssp126,Asia,0.19824481
2072-12-31 00:00:00,ssp126,Asia,0.118918896
2073-12-31 00:00:00,ssp126,Asia,0.0768249
2074-12-31 00:00:00,ssp126,Asia,0.08734274
2075-12-31 00:00:00,ssp126,Asia,0.121447325
2076-12-31 00:00:00,ssp126,Asia,0.08846712
2077-12-31 00:00:00,ssp126,Asia,-0.0003015995
2078-12-31 00:00:00,ssp126,Asia,0.0068280697
2079-12-31 00:00:00,ssp126,Asia,0.11810541
2080-12-31 00:00:00,ssp126,Asia,-0.0038280487
2081-12-31 00:00:00,ssp126,Asia,0.02839017
2082-12-31 00:00:00,ssp126,Asia,0.0063853264
2083-12-31 00:00:00,ssp126,Asia,0.061043262
2084-12-31 00:00:00,ssp126,Asia,0.14922833
2085-12-31 00:00:00,ssp126,Asia,0.045524836
2086-12-31 00:00:00,ssp126,Asia,0.019604445
2087-12-31 00:00:00,ssp126,Asia,0.104660034
2088-12-31 00:00:00,ssp126,Asia,0.06860018
2089-12-31 00:00:00,ssp126,Asia,0.091607094
2090-12-31 00:00:00,ssp126,Asia,-0.0013520718
2091-12-31 00:00:00,ssp126,Asia,0.13011885
2092-12-31 00:00:00,ssp126,Asia,0.062367678
2093-12-31 00:00:00,ssp126,Asia,0.001982689
2094-12-31 00:00:00,ssp126,Asia,0.075293064
2095-12-31 00:00:00,ssp126,Asia,0.03275299
2096-12-31 00:00:00,ssp126,Asia,0.025643826
2097-12-31 00:00:00,ssp126,Asia,0.0040376186
2098-12-31 00:00:00,ssp126,Asia,0.058332205
2099-12-31 00:00:00,ssp126,Asia,0.0051374435
2100-12-31 00:00:00,ssp126,Asia,-0.023030758
2015-12-31 00:00:00,ssp245,Global,-0.03330517
2016-12-31 00:00:00,ssp245,Global,-0.048902273
2017-12-31 00:00:00,ssp245,Global,-0.06778598
2018-12-31 00:00:00,ssp245,Global,-0.052113533
2019-12-31 00:00:00,ssp245,Global,-0.045711517
2020-12-31 00:00:00,ssp245,Global,-0.05981493
2021-12-31 00:00:00,ssp245,Global,-0.05357313
2022-12-31 00:00:00,ssp245,Global,-0.025810719
2023-12-31 00:00:00,ssp245,Global,-0.039532423
2024-12-31 00:00:00,ssp245,Global,-0.034762144
2025-12-31 00:00:00,ssp245,Global,-0.04014063
2026-12-31 00:00:00,ssp245,Global,-0.022365093
2027-12-31 00:00:00,ssp245,Global,-0.037439108
2028-12-31 00:00:00,ssp245,Global,-0.028923273
2029-12-31 00:00:00,ssp245,Global,-0.023349285
2030-12-31 00:00:00,ssp245,Global,-0.0045142174
2031-12-31 00:00:00,ssp245,Global,-0.03180957
2032-12-31 00:00:00,ssp245,Global,-0.018161058
2033-12-31 00:00:00,ssp245,Global,-0.040109634
2034-12-31 00:00:00,ssp245,Global,-0.019020557
2035-12-31 00:00:00,ssp245,Global,-0.019028425
2036-12-31 00:00:00,ssp245,Global,-0.0063786507
2037-12-31 00:00:00,ssp245,Global,-0.023251534
2038-12-31 00:00:00,ssp245,Global,-0.00044059753
2039-12-31 00:00:00,ssp245,Global,-0.0045866966
2040-12-31 00:00:00,ssp245,Global,-0.006917
2041-12-31 00:00:00,ssp245,Global,-0.0011119843
2042-12-31 00:00:00,ssp245,Global,-0.019238234
2043-12-31 00:00:00,ssp245,Global,-0.00910902
2044-12-31 00:00:00,ssp245,Global,-0.0042221546
2045-12-31 00:00:00,ssp245,Global,-0.017766476
2046-12-31 00:00:00,ssp245,Global,0.009150505
2047-12-31 00:00:00,ssp245,Global,0.00923872
2048-12-31 00:00:00,ssp245,Global,0.0064868927
2049-12-31 00:00:00,ssp245,Global,0.012397766
2050-12-31 00:00:00,ssp245,Global,0.0073542595
2051-12-31 00:00:00,ssp245,Global,0.017413855
2052-12-31 00:00:00,ssp245,Global,0.026702166
2053-12-31 00:00:00,ssp245,Global,0.0010733604
2054-12-31 00:00:00,ssp245,Global,0.014597654
2055-12-31 00:00:00,ssp245,Global,0.012050867
2056-12-31 00:00:00,ssp245,Global,0.016397238
2057-12-31 00:00:00,ssp245,Global,0.015928507
2058-12-31 00:00:00,ssp245,Global,0.0367043
2059-12-31 00:00:00,ssp245,Global,0.0146558285
2060-12-31 00:00:00,ssp245,Global,0.019945383
2061-12-31 00:00:00,ssp245,Global,0.023045778
2062-12-31 00:00:00,ssp245,Global,0.038282394
2063-12-31 00:00:00,ssp245,Global,0.023843527
2064-12-31 00:00:00,ssp245,Global,0.032955408
2065-12-31 00:00:00,ssp245,Global,0.024545431
2066-12-31 00:00:00,ssp245,Global,0.036845207
2067-12-31 00:00:00,ssp245,Global,0.026221514
2068-12-31 00:00:00,ssp245,Global,0.029176474
2069-12-31 00:00:00,ssp245,Global,0.03336811
2070-12-31 00:00:00,ssp245,Global,0.047240734
2071-12-31 00:00:00,ssp245,Global,0.03089881
2072-12-31 00:00:00,ssp245,Global,0.059823036
2073-12-31 00:00:00,ssp245,Global,0.059203863
2074-12-31 00:00:00,ssp245,Global,0.045528173
2075-12-31 00:00:00,ssp245,Global,0.03882146
2076-12-31 00:00:00,ssp245,Global,0.047282457
2077-12-31 00:00:00,ssp245,Global,0.055135965
2078-12-31 00:00:00,ssp245,Global,0.08395314
2079-12-31 00:00:00,ssp245,Global,0.03681779
2080-12-31 00:00:00,ssp245,Global,0.051867485
2081-12-31 00:00:00,ssp245,Global,0.0466969
2082-12-31 00:00:00,ssp245,Global,0.06223035
2083-12-31 00:00:00,ssp245,Global,0.04218316
2084-12-31 00:00:00,ssp245,Global,0.053562164
2085-12-31 00:00:00,ssp245,Global,0.08310962
2086-12-31 00:00:00,ssp245,Global,0.059155703
2087-12-31 00:00:00,ssp245,Global,0.059713602
2088-12-31 00:00:00,ssp245,Global,0.08604574
2089-12-31 00:00:00,ssp245,Global,0.06760812
2090-12-31 00:00:00,ssp245,Global,0.06762409
2091-12-31 00:00:00,ssp245,Global,0.08122969
2092-12-31 00:00:00,ssp245,Global,0.095718145
2093-12-31 00:00:00,ssp245,Global,0.073349
2094-12-31 00:00:00,ssp245,Global,0.063931465
2095-12-31 00:00:00,ssp245,Global,0.07306433
2096-12-31 00:00:00,ssp245,Global,0.075701475
2097-12-31 00:00:00,ssp245,Global,0.07589531
2098-12-31 00:00:00,ssp245,Global,0.073502064
2099-12-31 00:00:00,ssp245,Global,0.0696311
2100-12-31 00:00:00,ssp245,Global,0.06557131
2015-12-31 00:00:00,ssp245,North America,-0.13296866
2016-12-31 00:00:00,ssp245,North America,-0.15189695
2017-12-31 00:00:00,ssp245,North America,-0.19342971
2018-12-31 00:00:00,ssp245,North America,-0.13409877
2019-12-31 00:00:00,ssp245,North America,-0.09608197
2020-12-31 00:00:00,ssp245,North America,-0.1437397
2021-12-31 00:00:00,ssp245,North America,-0.11923361
2022-12-31 00:00:00,ssp245,North America,-0.036723852
2023-12-31 00:00:00,ssp245,North America,-0.06727195
2024-12-31 00:00:00,ssp245,North America,-0.08881521
2025-12-31 00:00:00,ssp245,North America,-0.11739707
2026-12-31 00:00:00,ssp245,North America,-0.083236456
2027-12-31 00:00:00,ssp245,North America,-0.14407659
2028-12-31 00:00:00,ssp245,North America,-0.16812491
2029-12-31 00:00:00,ssp245,North America,-0.10958552
2030-12-31 00:00:00,ssp245,North America,-0.05499816
2031-12-31 00:00:00,ssp245,North America,-0.107509375
2032-12-31 00:00:00,ssp245,North America,-0.14265251
2033-12-31 00:00:00,ssp245,North America,-0.086573124
2034-12-31 00:00:00,ssp245,North America,-0.087276936
2035-12-31 00:00:00,ssp245,North America,-0.04748559
2036-12-31 00:00:00,ssp245,North America,-0.066420555
2037-12-31 00:00:00,ssp245,North America,-0.11866379
2038-12-31 00:00:00,ssp245,North America,-0.03450942
2039-12-31 00:00:00,ssp245,North America,-0.055594206
2040-12-31 00:00:00,ssp245,North America,-0.04804206
2041-12-31 00:00:00,ssp245,North America,-0.024041891
2042-12-31 00:00:00,ssp245,North America,-0.05292487
2043-12-31 00:00:00,ssp245,North America,-0.07161474
2044-12-31 00:00:00,ssp245,North America,-0.11620164
2045-12-31 00:00:00,ssp245,North America,-0.11464143
2046-12-31 00:00:00,ssp245,North America,0.037727118
2047-12-31 00:00:00,ssp245,North America,-0.018700361
2048-12-31 00:00:00,ssp245,North America,-0.0012061596
2049-12-31 00:00:00,ssp245,North America,-0.0150232315
2050-12-31 00:00:00,ssp245,North America,-0.04476881
2051-12-31 00:00:00,ssp245,North America,0.03899145
2052-12-31 00:00:00,ssp245,North America,0.044075012
2053-12-31 00:00:00,ssp245,North America,-0.07917905
2054-12-31 00:00:00,ssp245,North America,0.032286406
2055-12-31 00:00:00,ssp245,North America,0.030924559
2056-12-31 00:00:00,ssp245,North America,-0.03222871
2057-12-31 00:00:00,ssp245,North America,0.039215565
2058-12-31 00:00:00,ssp245,North America,-0.0028500557
2059-12-31 00:00:00,ssp245,North America,-0.030104637
2060-12-31 00:00:00,ssp245,North America,-0.016861677
2061-12-31 00:00:00,ssp245,North America,0.033638954
2062-12-31 00:00:00,ssp245,North America,-0.0410707
2063-12-31 00:00:00,ssp245,North America,-0.072482586
2064-12-31 00:00:00,ssp245,North America,0.031029224
2065-12-31 00:00:00,ssp245,North America,-0.007122278
2066-12-31 00:00:00,ssp245,North America,0.09509778
2067-12-31 00:00:00,ssp245,North America,0.020720959
2068-12-31 00:00:00,ssp245,North America,-0.037172794
2069-12-31 00:00:00,ssp245,North America,-0.05662346
2070-12-31 00:00:00,ssp245,North America,-0.017086506
2071-12-31 00:00:00,ssp245,North America,-0.0069036484
2072-12-31 00:00:00,ssp245,North America,0.085882425
2073-12-31 00:00:00,ssp245,North America,-0.034925938
2074-12-31 00:00:00,ssp245,North America,0.014036894
2075-12-31 00:00:00,ssp245,North America,0.003947258
2076-12-31 00:00:00,ssp245,North America,0.060408115
2077-12-31 00:00:00,ssp245,North America,0.055534363
2078-12-31 00:00:00,ssp245,North America,0.03651738
2079-12-31 00:00:00,ssp245,North America,0.013901949
2080-12-31 00:00:00,ssp245,North America,-0.038732767
2081-12-31 00:00:00,ssp245,North America,0.08402729
2082-12-31 00:00:00,ssp245,North America,-0.1187675
2083-12-31 00:00:00,ssp245,North America,0.017074347
2084-12-31 00:00:00,ssp245,North America,0.04207945
2085-12-31 00:00:00,ssp245,North America,-0.013427258
2086-12-31 00:00:00,ssp245,North America,-0.054593325
2087-12-31 00:00:00,ssp245,North America,0.012497187
2088-12-31 00:00:00,ssp245,North America,0.04701662
2089-12-31 00:00:00,ssp245,North America,0.16547894
2090-12-31 00:00:00,ssp245,North America,0.08660555
2091-12-31 00:00:00,ssp245,North America,0.17066121
2092-12-31 00:00:00,ssp245,North America,0.089255095
2093-12-31 00:00:00,ssp245,North America,-0.008326292
2094-12-31 00:00:00,ssp245,North America,-0.02940154
2095-12-31 00:00:00,ssp245,North America,0.08703852
2096-12-31 00:00:00,ssp245,North America,0.07126713
2097-12-31 00:00:00,ssp245,North America,0.15365171
2098-12-31 00:00:00,ssp245,North America,0.10863662
2099-12-31 00:00:00,ssp245,North America,0.027729988
2100-12-31 00:00:00,ssp245,North America,0.023821354
2015-12-31 00:00:00,ssp245,South America,-0.058181524
2016-12-31 00:00:00,ssp245,South America,-0.0921855
2017-12-31 00:00:00,ssp245,South America,-0.055232525
2018-12-31 00:00:00,ssp245,South America,-0.12162471
2019-12-31 00:00:00,ssp245,South America,-0.110509634
2020-12-31 00:00:00,ssp245,South America,-0.0900681
2021-12-31 00:00:00,ssp245,South America,-0.18830204
2022-12-31 00:00:00,ssp245,South America,-0.123134375
2023-12-31 00:00:00,ssp245,South America,-0.10800433
2024-12-31 00:00:00,ssp245,South America,-0.09754777
2025-12-31 00:00:00,ssp245,South America,-0.13217902
2026-12-31 00:00:00,ssp245,South America,-0.2116549
2027-12-31 00:00:00,ssp245,South America,-0.20620894
2028-12-31 00:00:00,ssp245,South America,-0.18789005
2029-12-31 00:00:00,ssp245,South America,-0.28509068
2030-12-31 00:00:00,ssp245,South America,-0.031740665
2031-12-31 00:00:00,ssp245,South America,-0.18240118
2032-12-31 00:00:00,ssp245,South America,-0.06287265
2033-12-31 00:00:00,ssp245,South America,-0.14989948
2034-12-31 00:00:00,ssp245,South America,-0.16096807
2035-12-31 00:00:00,ssp245,South America,-0.27428722
2036-12-31 00:00:00,ssp245,South America,-0.18960643
2037-12-31 00:00:00,ssp245,South America,-0.110666275
2038-12-31 00:00:00,ssp245,South America,-0.12725043
2039-12-31 00:00:00,ssp245,South America,-0.19708943
2040-12-31 00:00:00,ssp245,South America,-0.15067911
2041-12-31 00:00:00,ssp245,South America,-0.20064878
2042-12-31 00:00:00,ssp245,South America,-0.116457224
2043-12-31 00:00:00,ssp245,South America,-0.13808846
2044-12-31 00:00:00,ssp245,South America,-0.112306595
2045-12-31 00:00:00,ssp245,South America,-0.20233774
2046-12-31 00:00:00,ssp245,South America,-0.14632607
2047-12-31 00:00:00,ssp245,South America,-0.02510953
2048-12-31 00:00:00,ssp245,South America,-0.051068306
2049-12-31 00:00:00,ssp245,South America,-0.21498108
2050-12-31 00:00:00,ssp245,South America,-0.16034007
2051-12-31 00:00:00,ssp245,South America,-0.1609981
2052-12-31 00:00:00,ssp245,South America,-0.01783514
2053-12-31 00:00:00,ssp245,South America,-0.19255352
2054-12-31 00:00:00,ssp245,South America,-0.13452625
2055-12-31 00:00:00,ssp245,South America,-0.13585854
2056-12-31 00:00:00,ssp245,South America,-0.11481285
2057-12-31 00:00:00,ssp245,South America,-0.13860679
2058-12-31 00:00:00,ssp245,South America,-0.118496895
2059-12-31 00:00:00,ssp245,South America,-0.13593054
2060-12-31 00:00:00,ssp245,South America,-0.2428546
2061-12-31 00:00:00,ssp245,South America,-0.16635633
2062-12-31 00:00:00,ssp245,South America,-0.029625177
2063-12-31 00:00:00,ssp245,South America,-0.10369897
2064-12-31 00:00:00,ssp245,South America,-0.107131004
2065-12-31 00:00:00,ssp245,South America,-0.20070243
2066-12-31 00:00:00,ssp245,South America,-0.09475613
2067-12-31 00:00:00,ssp245,South America,-0.23167324
2068-12-31 00:00:00,ssp245,South America,-0.2884655
2069-12-31 00:00:00,ssp245,South America,-0.25949335
2070-12-31 00:00:00,ssp245,South America,-0.017006874
2071-12-31 00:00:00,ssp245,South America,-0.2553935
2072-12-31 00:00:00,ssp245,South America,-0.3302238
2073-12-31 00:00:00,ssp245,South America,-0.085255146
2074-12-31 00:00:00,ssp245,South America,-0.20506954
2075-12-31 00:00:00,ssp245,South America,-0.2540486
2076-12-31 00:00:00,ssp245,South America,-0.2371614
2077-12-31 00:00:00,ssp245,South America,-0.21790934
2078-12-31 00:00:00,ssp245,South America,-0.08746052
2079-12-31 00:00:00,ssp245,South America,-0.10340595
2080-12-31 00:00:00,ssp245,South America,-0.10922408
2081-12-31 00:00:00,ssp245,South America,-0.098608255
2082-12-31 00:00:00,ssp245,South America,-0.032297373
2083-12-31 00:00:00,ssp245,South America,-0.1995871
2084-12-31 00:00:00,ssp245,South America,-0.37900615
2085-12-31 00:00:00,ssp245,South America,-0.06240177
2086-12-31 00:00:00,ssp245,South America,-0.10150576
2087-12-31 00:00:00,ssp245,South America,-0.25628376
2088-12-31 00:00:00,ssp245,South America,-0.45031214
2089-12-31 00:00:00,ssp245,South America,-0.24656391
2090-12-31 00:00:00,ssp245,South America,-0.085620165
2091-12-31 00:00:00,ssp245,South America,-0.19637704
2092-12-31 00:00:00,ssp245,South America,-0.16945386
2093-12-31 00:00:00,ssp245,South America,-0.012644529
2094-12-31 00:00:00,ssp245,South America,-0.24575877
2095-12-31 00:00:00,ssp245,South America,-0.36870718
2096-12-31 00:00:00,ssp245,South America,-0.19608116
2097-12-31 00:00:00,ssp245,South America,-0.08291769
2098-12-31 00:00:00,ssp245,South America,-0.21768737
2099-12-31 00:00:00,ssp245,South America,-0.21020961
2100-12-31 00:00:00,ssp245,South America,-0.1925118
2015-12-31 00:00:00,ssp245,Europe,-0.0707593
2016-12-31 00:00:00,ssp245,Europe,-0.074159145
2017-12-31 00:00:00,ssp245,Europe,-0.22575712
2018-12-31 00:00:00,ssp245,Europe,-0.06373048
2019-12-31 00:00:00,ssp245,Europe,-0.128752
2020-12-31 00:00:00,ssp245,Europe,-0.12021518
2021-12-31 00:00:00,ssp245,Europe,-0.106459856
2022-12-31 00:00:00,ssp245,Europe,-0.07475448
2023-12-31 00:00:00,ssp245,Europe,-0.17168117
2024-12-31 00:00:00,ssp245,Europe,-0.14808285
2025-12-31 00:00:00,ssp245,Europe,-0.16158187
2026-12-31 00:00:00,ssp245,Europe,-0.20638847
2027-12-31 00:00:00,ssp245,Europe,-0.1410526
2028-12-31 00:00:00,ssp245,Europe,-0.14249027
2029-12-31 00:00:00,ssp245,Europe,-0.09096289
2030-12-31 00:00:00,ssp245,Europe,-0.09387398
2031-12-31 00:00:00,ssp245,Europe,-0.09812069
2032-12-31 00:00:00,ssp245,Europe,-0.16057396
2033-12-31 00:00:00,ssp245,Europe,-0.12812448
2034-12-31 00:00:00,ssp245,Europe,-0.12847209
2035-12-31 00:00:00,ssp245,Europe,-0.04723239
2036-12-31 00:00:00,ssp245,Europe,-0.161147
2037-12-31 00:00:00,ssp245,Europe,-0.13451326
2038-12-31 00:00:00,ssp245,Europe,-0.07956314
2039-12-31 00:00:00,ssp245,Europe,-0.07251954
2040-12-31 00:00:00,ssp245,Europe,-0.042829752
2041-12-31 00:00:00,ssp245,Europe,-0.105158806
2042-12-31 00:00:00,ssp245,Europe,-0.06970024
2043-12-31 00:00:00,ssp245,Europe,-0.15447497
2044-12-31 00:00:00,ssp245,Europe,-0.10839796
2045-12-31 00:00:00,ssp245,Europe,-0.121613026
2046-12-31 00:00:00,ssp245,Europe,-0.07803893
2047-12-31 00:00:00,ssp245,Europe,-0.12417674
2048-12-31 00:00:00,ssp245,Europe,-0.12688994
2049-12-31 00:00:00,ssp245,Europe,-0.114762545
2050-12-31 00:00:00,ssp245,Europe,-0.10519791
2051-12-31 00:00:00,ssp245,Europe,-0.08472848
2052-12-31 00:00:00,ssp245,Europe,-0.14540124
2053-12-31 00:00:00,ssp245,Europe,-0.16936934
2054-12-31 00:00:00,ssp245,Europe,0.004602909
2055-12-31 00:00:00,ssp245,Europe,-0.12250018
2056-12-31 00:00:00,ssp245,Europe,-0.2146728
2057-12-31 00:00:00,ssp245,Europe,-0.1633383
2058-12-31 00:00:00,ssp245,Europe,-0.17146802
2059-12-31 00:00:00,ssp245,Europe,-0.11182022
2060-12-31 00:00:00,ssp245,Europe,-0.08836985
2061-12-31 00:00:00,ssp245,Europe,-0.105579615
2062-12-31 00:00:00,ssp245,Europe,-0.087455034
2063-12-31 00:00:00,ssp245,Europe,-0.16035831
2064-12-31 00:00:00,ssp245,Europe,0.018337727
2065-12-31 00:00:00,ssp245,Europe,-0.19136703
2066-12-31 00:00:00,ssp245,Europe,-0.08749008
2067-12-31 00:00:00,ssp245,Europe,-0.06805229
2068-12-31 00:00:00,ssp245,Europe,-0.105979204
2069-12-31 00:00:00,ssp245,Europe,-0.087676525
2070-12-31 00:00:00,ssp245,Europe,-0.09521723
2071-12-31 00:00:00,ssp245,Europe,-0.052315474
2072-12-31 00:00:00,ssp245,Europe,0.009834051
2073-12-31 00:00:00,ssp245,Europe,-0.0089530945
2074-12-31 00:00:00,ssp245,Europe,-0.08712292
2075-12-31 00:00:00,ssp245,Europe,0.0026800632
2076-12-31 00:00:00,ssp245,Europe,0.03353405
2077-12-31 00:00:00,ssp245,Europe,-0.024209261
2078-12-31 00:00:00,ssp245,Europe,0.032280445
2079-12-31 00:00:00,ssp245,Europe,0.027741909
2080-12-31 00:00:00,ssp245,Europe,-0.00861764
2081-12-31 00:00:00,ssp245,Europe,-0.09272885
2082-12-31 00:00:00,ssp245,Europe,-0.104326725
2083-12-31 00:00:00,ssp245,Europe,-0.0121593475
2084-12-31 00:00:00,ssp245,Europe,0.03049159
2085-12-31 00:00:00,ssp245,Europe,0.0515759
2086-12-31 00:00:00,ssp245,Europe,-0.07901263
2087-12-31 00:00:00,ssp245,Europe,-0.017642021
2088-12-31 00:00:00,ssp245,Europe,0.009939194
2089-12-31 00:00:00,ssp245,Europe,-0.0016577244
2090-12-31 00:00:00,ssp245,Europe,-0.06782436
2091-12-31 00:00:00,ssp245,Europe,0.12545109
2092-12-31 00:00:00,ssp245,Europe,-0.054537296
2093-12-31 00:00:00,ssp245,Europe,-0.012027502
2094-12-31 00:00:00,ssp245,Europe,-0.04414606
2095-12-31 00:00:00,ssp245,Europe,0.076583624
2096-12-31 00:00:00,ssp245,Europe,-0.007363558
2097-12-31 00:00:00,ssp245,Europe,-0.019883633
2098-12-31 00:00:00,ssp245,Europe,0.008271694
2099-12-31 00:00:00,ssp245,Europe,0.0011973381
2100-12-31 00:00:00,ssp245,Europe,-0.023240805
2015-12-31 00:00:00,ssp245,Africa,0.03458953
2016-12-31 00:00:00,ssp245,Africa,-0.09833193
2017-12-31 00:00:00,ssp245,Africa,-0.09461284
2018-12-31 00:00:00,ssp245,Africa,-0.16755164
2019-12-31 00:00:00,ssp245,Africa,-0.06902695
2020-12-31 00:00:00,ssp245,Africa,-0.21084869
2021-12-31 00:00:00,ssp245,Africa,-0.03487873
2022-12-31 00:00:00,ssp245,Africa,-0.085722685
2023-12-31 00:00:00,ssp245,Africa,-0.11532688
2024-12-31 00:00:00,ssp245,Africa,-0.13512695
2025-12-31 00:00:00,ssp245,Africa,-0.04363036
2026-12-31 00:00:00,ssp245,Africa,-0.12667418
2027-12-31 00:00:00,ssp245,Africa,0.06706762
2028-12-31 00:00:00,ssp245,Africa,-0.16885984
2029-12-31 00:00:00,ssp245,Africa,-0.12916017
2030-12-31 00:00:00,ssp245,Africa,-0.16137576
2031-12-31 00:00:00,ssp245,Africa,0.11485815
2032-12-31 00:00:00,ssp245,Africa,-0.17317343
2033-12-31 00:00:00,ssp245,Africa,-0.121799946
2034-12-31 00:00:00,ssp245,Africa,-0.22005355
2035-12-31 00:00:00,ssp245,Africa,0.062253475
2036-12-31 00:00:00,ssp245,Africa,-0.19297004
2037-12-31 00:00:00,ssp245,Africa,-0.18138456
2038-12-31 00:00:00,ssp245,Africa,-0.024593353
2039-12-31 00:00:00,ssp245,Africa,-0.12411404
2040-12-31 00:00:00,ssp245,Africa,-0.11152029
2041-12-31 00:00:00,ssp245,Africa,-0.14767754
2042-12-31 00:00:00,ssp245,Africa,-0.05267811
2043-12-31 00:00:00,ssp245,Africa,-0.07175732
2044-12-31 00:00:00,ssp245,Africa,-0.010327101
2045-12-31 00:00:00,ssp245,Africa,-0.1395452
2046-12-31 00:00:00,ssp245,Africa,-0.15020633
2047-12-31 00:00:00,ssp245,Africa,-0.10661578
2048-12-31 00:00:00,ssp245,Africa,-0.025915384
2049-12-31 00:00:00,ssp245,Africa,-0.09527135
2050-12-31 00:00:00,ssp245,Africa,-0.13861156
2051-12-31 00:00:00,ssp245,Africa,-0.043495655
2052-12-31 00:00:00,ssp245,Africa,-0.22219896
2053-12-31 00:00:00,ssp245,Africa,-0.10442972
2054-12-31 00:00:00,ssp245,Africa,-0.11661649
2055-12-31 00:00:00,ssp245,Africa,-0.16025972
2056-12-31 00:00:00,ssp245,Africa,-0.019655704
2057-12-31 00:00:00,ssp245,Africa,-0.16292715
2058-12-31 00:00:00,ssp245,Africa,-0.19421756
2059-12-31 00:00:00,ssp245,Africa,-0.13591647
2060-12-31 00:00:00,ssp245,Africa,-0.1432662
2061-12-31 00:00:00,ssp245,Africa,-0.15425014
2062-12-31 00:00:00,ssp245,Africa,-0.1255753
2063-12-31 00:00:00,ssp245,Africa,-0.050397873
2064-12-31 00:00:00,ssp245,Africa,-0.086580515
2065-12-31 00:00:00,ssp245,Africa,-0.11279321
2066-12-31 00:00:00,ssp245,Africa,-0.12417865
2067-12-31 00:00:00,ssp245,Africa,0.059901714
2068-12-31 00:00:00,ssp245,Africa,-0.10398674
2069-12-31 00:00:00,ssp245,Africa,-0.059488297
2070-12-31 00:00:00,ssp245,Africa,-0.20626235
2071-12-31 00:00:00,ssp245,Africa,-0.15952432
2072-12-31 00:00:00,ssp245,Africa,-0.04813552
2073-12-31 00:00:00,ssp245,Africa,-0.18587363
2074-12-31 00:00:00,ssp245,Africa,-0.07454014
2075-12-31 00:00:00,ssp245,Africa,-0.12896752
2076-12-31 00:00:00,ssp245,Africa,-0.23376548
2077-12-31 00:00:00,ssp245,Africa,-0.10517311
2078-12-31 00:00:00,ssp245,Africa,-0.16365695
2079-12-31 00:00:00,ssp245,Africa,-0.17409909
2080-12-31 00:00:00,ssp245,Africa,-0.075284004
2081-12-31 00:00:00,ssp245,Africa,-0.11336446
2082-12-31 00:00:00,ssp245,Africa,-0.18286717
2083-12-31 00:00:00,ssp245,Africa,-0.1774168
2084-12-31 00:00:00,ssp245,Africa,-0.088871956
2085-12-31 00:00:00,ssp245,Africa,-0.1000762
2086-12-31 00:00:00,ssp245,Africa,-0.09332824
2087-12-31 00:00:00,ssp245,Africa,-0.14939976
2088-12-31 00:00:00,ssp245,Africa,-0.01129818
2089-12-31 00:00:00,ssp245,Africa,0.057425022
2090-12-31 00:00:00,ssp245,Africa,-0.07603407
2091-12-31 00:00:00,ssp245,Africa,-0.08623886
2092-12-31 00:00:00,ssp245,Africa,-0.12543106
2093-12-31 00:00:00,ssp245,Africa,0.03945732
2094-12-31 00:00:00,ssp245,Africa,-0.13215148
2095-12-31 00:00:00,ssp245,Africa,-0.049428225
2096-12-31 00:00:00,ssp245,Africa,-0.11117697
2097-12-31 00:00:00,ssp245,Africa,-0.048263073
2098-12-31 00:00:00,ssp245,Africa,-0.1600399
2099-12-31 00:00:00,ssp245,Africa,-0.07387757
2100-12-31 00:00:00,ssp245,Africa,-0.011539459
2015-12-31 00:00:00,ssp245,Asia,-0.04802966
2016-12-31 00:00:00,ssp245,Asia,-0.12662244
2017-12-31 00:00:00,ssp245,Asia,-0.101038694
2018-12-31 00:00:00,ssp245,Asia,-0.10338688
2019-12-31 00:00:00,ssp245,Asia,-0.024069786
2020-12-31 00:00:00,ssp245,Asia,-0.08346152
2021-12-31 00:00:00,ssp245,Asia,-0.023395777
2022-12-31 00:00:00,ssp245,Asia,-0.06659174
2023-12-31 00:00:00,ssp245,Asia,-0.034638643
2024-12-31 00:00:00,ssp245,Asia,-0.012114763
2025-12-31 00:00:00,ssp245,Asia,0.00720191
2026-12-31 00:00:00,ssp245,Asia,-0.0911026
2027-12-31 00:00:00,ssp245,Asia,0.06664896
2028-12-31 00:00:00,ssp245,Asia,-0.044132233
2029-12-31 00:00:00,ssp245,Asia,-0.050314903
2030-12-31 00:00:00,ssp245,Asia,-0.026159525
2031-12-31 00:00:00,ssp245,Asia,0.04753971
2032-12-31 00:00:00,ssp245,Asia,-0.025565624
2033-12-31 00:00:00,ssp245,Asia,-0.018087149
2034-12-31 00:00:00,ssp245,Asia,-0.071386814
2035-12-31 00:00:00,ssp245,Asia,0.080625296
2036-12-31 00:00:00,ssp245,Asia,-0.0809958
2037-12-31 00:00:00,ssp245,Asia,0.088196516
2038-12-31 00:00:00,ssp245,Asia,0.03425026
2039-12-31 00:00:00,ssp245,Asia,0.0024385452
2040-12-31 00:00:00,ssp245,Asia,0.035954
2041-12-31 00:00:00,ssp245,Asia,-0.0588243
2042-12-31 00:00:00,ssp245,Asia,0.10752249
2043-12-31 00:00:00,ssp245,Asia,0.05809951
2044-12-31 00:00:00,ssp245,Asia,0.06874919
2045-12-31 00:00:00,ssp245,Asia,0.012288094
2046-12-31 00:00:00,ssp245,Asia,-0.05137396
2047-12-31 00:00:00,ssp245,Asia,0.027147055
2048-12-31 00:00:00,ssp245,Asia,0.077825546
2049-12-31 00:00:00,ssp245,Asia,0.015674591
2050-12-31 00:00:00,ssp245,Asia,0.090357065
2051-12-31 00:00:00,ssp245,Asia,0.08180189
2052-12-31 00:00:00,ssp245,Asia,-0.0506711
2053-12-31 00:00:00,ssp245,Asia,0.07801056
2054-12-31 00:00:00,ssp245,Asia,0.021897554
2055-12-31 00:00:00,ssp245,Asia,0.008428097
2056-12-31 00:00:00,ssp245,Asia,0.035791397
2057-12-31 00:00:00,ssp245,Asia,0.013517141
2058-12-31 00:00:00,ssp245,Asia,0.022434711
2059-12-31 00:00:00,ssp245,Asia,0.16566563
2060-12-31 00:00:00,ssp245,Asia,0.05035162
2061-12-31 00:00:00,ssp245,Asia,0.043218374
2062-12-31 00:00:00,ssp245,Asia,-0.020170212
2063-12-31 00:00:00,ssp245,Asia,0.16988778
2064-12-31 00:00:00,ssp245,Asia,0.09057832
2065-12-31 00:00:00,ssp245,Asia,0.07110882
2066-12-31 00:00:00,ssp245,Asia,0.11279535
2067-12-31 00:00:00,ssp245,Asia,0.11383033
2068-12-31 00:00:00,ssp245,Asia,0.10158777
2069-12-31 00:00:00,ssp245,Asia,0.18518734
2070-12-31 00:00:00,ssp245,Asia,-0.011398792
2071-12-31 00:00:00,ssp245,Asia,0.089515686
2072-12-31 00:00:00,ssp245,Asia,0.09540558
2073-12-31 00:00:00,ssp245,Asia,0.061190844
2074-12-31 00:00:00,ssp245,Asia,0.1511271
2075-12-31 00:00:00,ssp245,Asia,0.12628412
2076-12-31 00:00:00,ssp245,Asia,0.05001068
2077-12-31 00:00:00,ssp245,Asia,0.09908676
2078-12-31 00:00:00,ssp245,Asia,0.046082973
2079-12-31 00:00:00,ssp245,Asia,0.14822125
2080-12-31 00:00:00,ssp245,Asia,0.12952924
2081-12-31 00:00:00,ssp245,Asia,0.18362546
2082-12-31 00:00:00,ssp245,Asia,0.18179035
2083-12-31 00:00:00,ssp245,Asia,0.060623884
2084-12-31 00:00:00,ssp245,Asia,0.09082627
2085-12-31 00:00:00,ssp245,Asia,0.08519244
2086-12-31 00:00:00,ssp245,Asia,0.26526976
2087-12-31 00:00:00,ssp245,Asia,0.24595213
2088-12-31 00:00:00,ssp245,Asia,0.09475279
2089-12-31 00:00:00,ssp245,Asia,0.19424415
2090-12-31 00:00:00,ssp245,Asia,0.1877582
2091-12-31 00:00:00,ssp245,Asia,0.19498277
2092-12-31 00:00:00,ssp245,Asia,0.048200846
2093-12-31 00:00:00,ssp245,Asia,0.19376421
2094-12-31 00:00:00,ssp245,Asia,0.14528608
2095-12-31 00:00:00,ssp245,Asia,0.14888859
2096-12-31 00:00:00,ssp245,Asia,0.07899499
2097-12-31 00:00:00,ssp245,Asia,0.17365861
2098-12-31 00:00:00,ssp245,Asia,0.14966583
2099-12-31 00:00:00,ssp245,Asia,0.1752801
2100-12-31 00:00:00,ssp245,Asia,0.13220716
2015-12-31 00:00:00,ssp370,Global,-0.016964674
2016-12-31 00:00:00,ssp370,Global,-0.0103747845
2017-12-31 00:00:00,ssp370,Global,-0.005523443
2018-12-31 00:00:00,ssp370,Global,-0.00037550926
2019-12-31 00:00:00,ssp370,Global,-0.0072231293
2020-12-31 00:00:00,ssp370,Global,-0.00959301
2021-12-31 00:00:00,ssp370,Global,-0.0006661415
2022-12-31 00:00:00,ssp370,Global,-0.009429693
2023-12-31 00:00:00,ssp370,Global,-0.0066349506
2024-12-31 00:00:00,ssp370,Global,-0.0064103603
2025-12-31 00:00:00,ssp370,Global,-0.004298687
2026-12-31 00:00:00,ssp370,Global,0.006503105
2027-12-31 00:00:00,ssp370,Global,-0.0049762726
2028-12-31 00:00:00,ssp370,Global,-0.0012867451
2029-12-31 00:00:00,ssp370,Global,-0.012567043
2030-12-31 00:00:00,ssp370,Global,-0.010842085
2031-12-31 00:00:00,ssp370,Global,0.0014131069
2032-12-31 00:00:00,ssp370,Global,-0.006333351
2033-12-31 00:00:00,ssp370,Global,-0.0018820763
2034-12-31 00:00:00,ssp370,Global,-0.011821032
2035-12-31 00:00:00,ssp370,Global,-0.015938997
2036-12-31 00:00:00,ssp370,Global,0.00021982193
2037-12-31 00:00:00,ssp370,Global,0.0088534355
2038-12-31 00:00:00,ssp370,Global,-0.00428319
2039-12-31 00:00:00,ssp370,Global,-0.00038695335
2040-12-31 00:00:00,ssp370,Global,0.0052013397
2041-12-31 00:00:00,ssp370,Global,0.0047371387
2042-12-31 00:00:00,ssp370,Global,0.0015978813
2043-12-31 00:00:00,ssp370,Global,-0.0006580353
2044-12-31 00:00:00,ssp370,Global,0.010010481
2045-12-31 00:00:00,ssp370,Global,-0.0019812584
2046-12-31 00:00:00,ssp370,Global,0.0022184849
2047-12-31 00:00:00,ssp370,Global,0.0052313805
2048-12-31 00:00:00,ssp370,Global,0.012291193
2049-12-31 00:00:00,ssp370,Global,0.014543772
2050-12-31 00:00:00,ssp370,Global,-0.0036246777
2051-12-31 00:00:00,ssp370,Global,0.015212059
2052-12-31 00:00:00,ssp370,Global,0.0059633255
2053-12-31 00:00:00,ssp370,Global,0.01406455
2054-12-31 00:00:00,ssp370,Global,0.023685932
2055-12-31 00:00:00,ssp370,Global,0.012449741
2056-12-31 00:00:00,ssp370,Global,0.035028696
2057-12-31 00:00:00,ssp370,Global,0.03693962
2058-12-31 00:00:00,ssp370,Global,0.029367924
2059-12-31 00:00:00,ssp370,Global,0.013922691
2060-12-31 00:00:00,ssp370,Global,0.0374856
2061-12-31 00:00:00,ssp370,Global,0.018896818
2062-12-31 00:00:00,ssp370,Global,0.03493452
2063-12-31 00:00:00,ssp370,Global,0.014814377
2064-12-31 00:00:00,ssp370,Global,0.03744316
2065-12-31 00:00:00,ssp370,Global,0.03398609
2066-12-31 00:00:00,ssp370,Global,0.03869748
2067-12-31 00:00:00,ssp370,Global,0.03184557
2068-12-31 00:00:00,ssp370,Global,0.04130745
2069-12-31 00:00:00,ssp370,Global,0.054584265
2070-12-31 00:00:00,ssp370,Global,0.036935568
2071-12-31 00:00:00,ssp370,Global,0.03476739
2072-12-31 00:00:00,ssp370,Global,0.062015057
2073-12-31 00:00:00,ssp370,Global,0.05863142
2074-12-31 00:00:00,ssp370,Global,0.08245373
2075-12-31 00:00:00,ssp370,Global,0.060081482
2076-12-31 00:00:00,ssp370,Global,0.0489707
2077-12-31 00:00:00,ssp370,Global,0.07178044
2078-12-31 00:00:00,ssp370,Global,0.069708586
2079-12-31 00:00:00,ssp370,Global,0.07105374
2080-12-31 00:00:00,ssp370,Global,0.068562984
2081-12-31 00:00:00,ssp370,Global,0.080176115
2082-12-31 00:00:00,ssp370,Global,0.075758934
2083-12-31 00:00:00,ssp370,Global,0.06498885
2084-12-31 00:00:00,ssp370,Global,0.048962116
2085-12-31 00:00:00,ssp370,Global,0.08017206
2086-12-31 00:00:00,ssp370,Global,0.055915833
2087-12-31 00:00:00,ssp370,Global,0.0700686
2088-12-31 00:00:00,ssp370,Global,0.06884527
2089-12-31 00:00:00,ssp370,Global,0.07135272
2090-12-31 00:00:00,ssp370,Global,0.06925893
2091-12-31 00:00:00,ssp370,Global,0.08080459
2092-12-31 00:00:00,ssp370,Global,0.076970816
2093-12-31 00:00:00,ssp370,Global,0.09139085
2094-12-31 00:00:00,ssp370,Global,0.085029125
2095-12-31 00:00:00,ssp370,Global,0.07416463
2096-12-31 00:00:00,ssp370,Global,0.074795485
2097-12-31 00:00:00,ssp370,Global,0.08832741
2098-12-31 00:00:00,ssp370,Global,0.064967155
2099-12-31 00:00:00,ssp370,Global,0.08542371
2100-12-31 00:00:00,ssp370,Global,0.07983565
2015-12-31 00:00:00,ssp370,North America,-0.077466965
2016-12-31 00:00:00,ssp370,North America,0.038519144
2017-12-31 00:00:00,ssp370,North America,0.011903286
2018-12-31 00:00:00,ssp370,North America,-0.058908463
2019-12-31 00:00:00,ssp370,North America,-0.05525446
2020-12-31 00:00:00,ssp370,North America,0.037565947
2021-12-31 00:00:00,ssp370,North America,-0.09236145
2022-12-31 00:00:00,ssp370,North America,0.016073227
2023-12-31 00:00:00,ssp370,North America,-0.048855066
2024-12-31 00:00:00,ssp370,North America,-0.0008223057
2025-12-31 00:00:00,ssp370,North America,0.0034356117
2026-12-31 00:00:00,ssp370,North America,-0.015375376
2027-12-31 00:00:00,ssp370,North America,-0.06929684
2028-12-31 00:00:00,ssp370,North America,-0.052996874
2029-12-31 00:00:00,ssp370,North America,-0.07335067
2030-12-31 00:00:00,ssp370,North America,-0.049532413
2031-12-31 00:00:00,ssp370,North America,0.026834965
2032-12-31 00:00:00,ssp370,North America,0.044758797
2033-12-31 00:00:00,ssp370,North America,-0.01456666
2034-12-31 00:00:00,ssp370,North America,0.038275003
2035-12-31 00:00:00,ssp370,North America,0.023510456
2036-12-31 00:00:00,ssp370,North America,9.274483e-05
2037-12-31 00:00:00,ssp370,North America,0.025792122
2038-12-31 00:00:00,ssp370,North America,0.039397717
2039-12-31 00:00:00,ssp370,North America,0.046281576
2040-12-31 00:00:00,ssp370,North America,0.017082214
2041-12-31 00:00:00,ssp370,North America,0.0123336315
2042-12-31 00:00:00,ssp370,North America,-0.057233095
2043-12-31 00:00:00,ssp370,North America,0.029034138
2044-12-31 00:00:00,ssp370,North America,-0.067350864
2045-12-31 00:00:00,ssp370,North America,0.045212984
2046-12-31 00:00:00,ssp370,North America,-0.008830786
2047-12-31 00:00:00,ssp370,North America,0.04702425
2048-12-31 00:00:00,ssp370,North America,0.031273603
2049-12-31 00:00:00,ssp370,North America,-0.06744838
2050-12-31 00:00:00,ssp370,North America,-0.052755594
2051-12-31 00:00:00,ssp370,North America,-0.04232216
2052-12-31 00:00:00,ssp370,North America,0.0018792152
2053-12-31 00:00:00,ssp370,North America,-0.012513876
2054-12-31 00:00:00,ssp370,North America,-0.04441428
2055-12-31 00:00:00,ssp370,North America,-0.06465149
2056-12-31 00:00:00,ssp370,North America,-0.018178701
2057-12-31 00:00:00,ssp370,North America,-0.01905179
2058-12-31 00:00:00,ssp370,North America,0.02123046
2059-12-31 00:00:00,ssp370,North America,0.025873423
2060-12-31 00:00:00,ssp370,North America,0.019274712
2061-12-31 00:00:00,ssp370,North America,-0.02303338
2062-12-31 00:00:00,ssp370,North America,0.008104324
2063-12-31 00:00:00,ssp370,North America,-0.05528164
2064-12-31 00:00:00,ssp370,North America,0.13325644
2065-12-31 00:00:00,ssp370,North America,0.0066814423
2066-12-31 00:00:00,ssp370,North America,-0.07310057
2067-12-31 00:00:00,ssp370,North America,-0.039711475
2068-12-31 00:00:00,ssp370,North America,-0.048306704
2069-12-31 00:00:00,ssp370,North America,0.026458263
2070-12-31 00:00:00,ssp370,North America,-0.11248231
2071-12-31 00:00:00,ssp370,North America,0.015741348
2072-12-31 00:00:00,ssp370,North America,0.13321614
2073-12-31 00:00:00,ssp370,North America,0.18555021
2074-12-31 00:00:00,ssp370,North America,0.020478249
2075-12-31 00:00:00,ssp370,North America,-0.013731718
2076-12-31 00:00:00,ssp370,North America,-0.051193953
2077-12-31 00:00:00,ssp370,North America,0.049827337
2078-12-31 00:00:00,ssp370,North America,0.06946468
2079-12-31 00:00:00,ssp370,North America,-0.020374298
2080-12-31 00:00:00,ssp370,North America,0.16009712
2081-12-31 00:00:00,ssp370,North America,0.08468819
2082-12-31 00:00:00,ssp370,North America,0.084732056
2083-12-31 00:00:00,ssp370,North America,0.076523066
2084-12-31 00:00:00,ssp370,North America,0.03401804
2085-12-31 00:00:00,ssp370,North America,0.15814352
2086-12-31 00:00:00,ssp370,North America,0.102868795
2087-12-31 00:00:00,ssp370,North America,0.07998562
2088-12-31 00:00:00,ssp370,North America,0.12139726
2089-12-31 00:00:00,ssp370,North America,0.081780195
2090-12-31 00:00:00,ssp370,North America,0.08700895
2091-12-31 00:00:00,ssp370,North America,0.06018448
2092-12-31 00:00:00,ssp370,North America,0.06163764
2093-12-31 00:00:00,ssp370,North America,0.19008231
2094-12-31 00:00:00,ssp370,North America,0.098281145
2095-12-31 00:00:00,ssp370,North America,0.12902808
2096-12-31 00:00:00,ssp370,North America,0.13085628
2097-12-31 00:00:00,ssp370,North America,0.08904815
2098-12-31 00:00:00,ssp370,North America,0.08053827
2099-12-31 00:00:00,ssp370,North America,0.055449724
2100-12-31 00:00:00,ssp370,North America,0.042994976
2015-12-31 00:00:00,ssp370,South America,-0.11605883
2016-12-31 00:00:00,ssp370,South America,-0.2555163
2017-12-31 00:00:00,ssp370,South America,-0.2447784
2018-12-31 00:00:00,ssp370,South America,-0.18102455
2019-12-31 00:00:00,ssp370,South America,-0.12027073
2020-12-31 00:00:00,ssp370,South America,-0.24524355
2021-12-31 00:00:00,ssp370,South America,-0.32885623
2022-12-31 00:00:00,ssp370,South America,-0.20231175
2023-12-31 00:00:00,ssp370,South America,-0.20331407
2024-12-31 00:00:00,ssp370,South America,-0.2687266
2025-12-31 00:00:00,ssp370,South America,-0.37279582
2026-12-31 00:00:00,ssp370,South America,-0.021647692
2027-12-31 00:00:00,ssp370,South America,-0.22140813
2028-12-31 00:00:00,ssp370,South America,-0.20503497
2029-12-31 00:00:00,ssp370,South America,-0.4482739
2030-12-31 00:00:00,ssp370,South America,-0.15538406
2031-12-31 00:00:00,ssp370,South America,-0.17691231
2032-12-31 00:00:00,ssp370,South America,-0.2739215
2033-12-31 00:00:00,ssp370,South America,-0.37765384
2034-12-31 00:00:00,ssp370,South America,-0.098531246
2035-12-31 00:00:00,ssp370,South America,-0.17635942
2036-12-31 00:00:00,ssp370,South America,-0.2005496
2037-12-31 00:00:00,ssp370,South America,-0.30997705
2038-12-31 00:00:00,ssp370,South America,-0.24658227
2039-12-31 00:00:00,ssp370,South America,-0.100266695
2040-12-31 00:00:00,ssp370,South America,-0.116610765
2041-12-31 00:00:00,ssp370,South America,-0.31055164
2042-12-31 00:00:00,ssp370,South America,-0.4823575
2043-12-31 00:00:00,ssp370,South America,-0.15993714
2044-12-31 00:00:00,ssp370,South America,-0.3616488
2045-12-31 00:00:00,ssp370,South America,-0.37564015
2046-12-31 00:00:00,ssp370,South America,-0.23589182
2047-12-31 00:00:00,ssp370,South America,-0.2923708
2048-12-31 00:00:00,ssp370,South America,-0.32487583
2049-12-31 00:00:00,ssp370,South America,-0.25226545
2050-12-31 00:00:00,ssp370,South America,-0.4302132
2051-12-31 00:00:00,ssp370,South America,-0.49354243
2052-12-31 00:00:00,ssp370,South America,-0.37590623
2053-12-31 00:00:00,ssp370,South America,-0.2765553
2054-12-31 00:00:00,ssp370,South America,-0.16989827
2055-12-31 00:00:00,ssp370,South America,0.004034281
2056-12-31 00:00:00,ssp370,South America,-0.2691326
2057-12-31 00:00:00,ssp370,South America,-0.32886362
2058-12-31 00:00:00,ssp370,South America,-0.36373425
2059-12-31 00:00:00,ssp370,South America,-0.40798092
2060-12-31 00:00:00,ssp370,South America,-0.4129424
2061-12-31 00:00:00,ssp370,South America,-0.3956492
2062-12-31 00:00:00,ssp370,South America,-0.26718473
2063-12-31 00:00:00,ssp370,South America,-0.3159125
2064-12-31 00:00:00,ssp370,South America,-0.5752773
2065-12-31 00:00:00,ssp370,South America,-0.3127284
2066-12-31 00:00:00,ssp370,South America,-0.13720775
2067-12-31 00:00:00,ssp370,South America,-0.34531212
2068-12-31 00:00:00,ssp370,South America,-0.48219657
2069-12-31 00:00:00,ssp370,South America,-0.17661119
2070-12-31 00:00:00,ssp370,South America,-0.12533617
2071-12-31 00:00:00,ssp370,South America,-0.27791953
2072-12-31 00:00:00,ssp370,South America,-0.47162247
2073-12-31 00:00:00,ssp370,South America,-0.3759284
2074-12-31 00:00:00,ssp370,South America,-0.21080565
2075-12-31 00:00:00,ssp370,South America,-0.29282594
2076-12-31 00:00:00,ssp370,South America,-0.3218155
2077-12-31 00:00:00,ssp370,South America,-0.31592846
2078-12-31 00:00:00,ssp370,South America,-0.25946498
2079-12-31 00:00:00,ssp370,South America,-0.27331185
2080-12-31 00:00:00,ssp370,South America,-0.26572537
2081-12-31 00:00:00,ssp370,South America,-0.2174573
2082-12-31 00:00:00,ssp370,South America,-0.38635683
2083-12-31 00:00:00,ssp370,South America,-0.27044797
2084-12-31 00:00:00,ssp370,South America,-0.40969753
2085-12-31 00:00:00,ssp370,South America,-0.4324515
2086-12-31 00:00:00,ssp370,South America,-0.65396786
2087-12-31 00:00:00,ssp370,South America,-0.51209927
2088-12-31 00:00:00,ssp370,South America,-0.6449261
2089-12-31 00:00:00,ssp370,South America,-0.49374104
2090-12-31 00:00:00,ssp370,South America,-0.6383841
2091-12-31 00:00:00,ssp370,South America,-0.30740404
2092-12-31 00:00:00,ssp370,South America,-0.48184085
2093-12-31 00:00:00,ssp370,South America,-0.45937467
2094-12-31 00:00:00,ssp370,South America,-0.5406463
2095-12-31 00:00:00,ssp370,South America,-0.4619267
2096-12-31 00:00:00,ssp370,South America,-0.63743997
2097-12-31 00:00:00,ssp370,South America,-0.42162943
2098-12-31 00:00:00,ssp370,South America,-0.4498086
2099-12-31 00:00:00,ssp370,South America,-0.45029068
2100-12-31 00:00:00,ssp370,South America,-0.551841
2015-12-31 00:00:00,ssp370,Europe,-0.027579308
2016-12-31 00:00:00,ssp370,Europe,-0.007302046
2017-12-31 00:00:00,ssp370,Europe,0.038248062
2018-12-31 00:00:00,ssp370,Europe,-0.11569977
2019-12-31 00:00:00,ssp370,Europe,-0.08566952
2020-12-31 00:00:00,ssp370,Europe,-0.097275496
2021-12-31 00:00:00,ssp370,Europe,-0.0098974705
2022-12-31 00:00:00,ssp370,Europe,-0.00790143
2023-12-31 00:00:00,ssp370,Europe,-0.12173319
2024-12-31 00:00:00,ssp370,Europe,0.0145430565
2025-12-31 00:00:00,ssp370,Europe,0.021753073
2026-12-31 00:00:00,ssp370,Europe,-0.020154953
2027-12-31 00:00:00,ssp370,Europe,-0.02332902
2028-12-31 00:00:00,ssp370,Europe,-0.052079916
2029-12-31 00:00:00,ssp370,Europe,-0.043758392
2030-12-31 00:00:00,ssp370,Europe,-0.041898966
2031-12-31 00:00:00,ssp370,Europe,-0.08219743
2032-12-31 00:00:00,ssp370,Europe,-0.021106482
2033-12-31 00:00:00,ssp370,Europe,-0.07607484
2034-12-31 00:00:00,ssp370,Europe,-0.09737921
2035-12-31 00:00:00,ssp370,Europe,-0.05886388
2036-12-31 00:00:00,ssp370,Europe,0.044267416
2037-12-31 00:00:00,ssp370,Europe,0.013022184
2038-12-31 00:00:00,ssp370,Europe,-0.03601885
2039-12-31 00:00:00,ssp370,Europe,-0.04587698
2040-12-31 00:00:00,ssp370,Europe,-0.02887392
2041-12-31 00:00:00,ssp370,Europe,0.08678079
2042-12-31 00:00:00,ssp370,Europe,-0.047472715
2043-12-31 00:00:00,ssp370,Europe,-0.0698936
2044-12-31 00:00:00,ssp370,Europe,-0.08542466
2045-12-31 00:00:00,ssp370,Europe,-0.013327599
2046-12-31 00:00:00,ssp370,Europe,-0.051502228
2047-12-31 00:00:00,ssp370,Europe,0.056979895
2048-12-31 00:00:00,ssp370,Europe,-0.049921274
2049-12-31 00:00:00,ssp370,Europe,0.007195711
2050-12-31 00:00:00,ssp370,Europe,-0.054611444
2051-12-31 00:00:00,ssp370,Europe,-0.0078029633
2052-12-31 00:00:00,ssp370,Europe,-0.034101963
2053-12-31 00:00:00,ssp370,Europe,0.055233717
2054-12-31 00:00:00,ssp370,Europe,-0.110192776
2055-12-31 00:00:00,ssp370,Europe,-0.12803102
2056-12-31 00:00:00,ssp370,Europe,-0.14968252
2057-12-31 00:00:00,ssp370,Europe,0.037899733
2058-12-31 00:00:00,ssp370,Europe,-0.021908522
2059-12-31 00:00:00,ssp370,Europe,0.027033806
2060-12-31 00:00:00,ssp370,Europe,0.042517662
2061-12-31 00:00:00,ssp370,Europe,0.023429632
2062-12-31 00:00:00,ssp370,Europe,-0.042236567
2063-12-31 00:00:00,ssp370,Europe,-0.1243062
2064-12-31 00:00:00,ssp370,Europe,-0.00095272064
2065-12-31 00:00:00,ssp370,Europe,0.010822773
2066-12-31 00:00:00,ssp370,Europe,-0.046720028
2067-12-31 00:00:00,ssp370,Europe,-0.05671978
2068-12-31 00:00:00,ssp370,Europe,0.020427465
2069-12-31 00:00:00,ssp370,Europe,0.0023646355
2070-12-31 00:00:00,ssp370,Europe,-0.08320737
2071-12-31 00:00:00,ssp370,Europe,-0.0239532
2072-12-31 00:00:00,ssp370,Europe,0.00639534
2073-12-31 00:00:00,ssp370,Europe,0.058801174
2074-12-31 00:00:00,ssp370,Europe,0.004846573
2075-12-31 00:00:00,ssp370,Europe,-0.016758204
2076-12-31 00:00:00,ssp370,Europe,-0.1134491
2077-12-31 00:00:00,ssp370,Europe,-0.07081485
2078-12-31 00:00:00,ssp370,Europe,0.026908398
2079-12-31 00:00:00,ssp370,Europe,-0.079619646
2080-12-31 00:00:00,ssp370,Europe,0.08043122
2081-12-31 00:00:00,ssp370,Europe,-0.03388095
2082-12-31 00:00:00,ssp370,Europe,0.02982378
2083-12-31 00:00:00,ssp370,Europe,-0.0450418
2084-12-31 00:00:00,ssp370,Europe,-0.043076277
2085-12-31 00:00:00,ssp370,Europe,0.026467085
2086-12-31 00:00:00,ssp370,Europe,-0.016807556
2087-12-31 00:00:00,ssp370,Europe,0.046075106
2088-12-31 00:00:00,ssp370,Europe,0.0055058002
2089-12-31 00:00:00,ssp370,Europe,0.018677473
2090-12-31 00:00:00,ssp370,Europe,0.023988485
2091-12-31 00:00:00,ssp370,Europe,-0.050092697
2092-12-31 00:00:00,ssp370,Europe,0.0030932426
2093-12-31 00:00:00,ssp370,Europe,0.1000576
2094-12-31 00:00:00,ssp370,Europe,0.019212961
2095-12-31 00:00:00,ssp370,Europe,-0.017015219
2096-12-31 00:00:00,ssp370,Europe,0.008676052
2097-12-31 00:00:00,ssp370,Europe,0.023550749
2098-12-31 00:00:00,ssp370,Europe,0.049723387
2099-12-31 00:00:00,ssp370,Europe,0.039548874
2100-12-31 00:00:00,ssp370,Europe,-0.07862139
2015-12-31 00:00:00,ssp370,Africa,-0.069978714
2016-12-31 00:00:00,ssp370,Africa,0.108805895
2017-12-31 00:00:00,ssp370,Africa,-0.07425833
2018-12-31 00:00:00,ssp370,Africa,-0.08211875
2019-12-31 00:00:00,ssp370,Africa,-0.007878542
2020-12-31 00:00:00,ssp370,Africa,0.016335964
2021-12-31 00:00:00,ssp370,Africa,-0.0018258095
2022-12-31 00:00:00,ssp370,Africa,-0.08765626
2023-12-31 00:00:00,ssp370,Africa,-0.03360176
2024-12-31 00:00:00,ssp370,Africa,-0.060408592
2025-12-31 00:00:00,ssp370,Africa,-0.20095193
2026-12-31 00:00:00,ssp370,Africa,-0.030646324
2027-12-31 00:00:00,ssp370,Africa,-0.010554552
2028-12-31 00:00:00,ssp370,Africa,-0.0020956993
2029-12-31 00:00:00,ssp370,Africa,0.012481689
2030-12-31 00:00:00,ssp370,Africa,-0.17943847
2031-12-31 00:00:00,ssp370,Africa,-0.007548809
2032-12-31 00:00:00,ssp370,Africa,-0.089784145
2033-12-31 00:00:00,ssp370,Africa,0.023409367
2034-12-31 00:00:00,ssp370,Africa,-0.13876343
2035-12-31 00:00:00,ssp370,Africa,-0.075988054
2036-12-31 00:00:00,ssp370,Africa,-0.079793215
2037-12-31 00:00:00,ssp370,Africa,-0.14610147
2038-12-31 00:00:00,ssp370,Africa,-0.019170761
2039-12-31 00:00:00,ssp370,Africa,0.043120146
2040-12-31 00:00:00,ssp370,Africa,-0.14648998
2041-12-31 00:00:00,ssp370,Africa,0.02880168
2042-12-31 00:00:00,ssp370,Africa,-0.08316922
2043-12-31 00:00:00,ssp370,Africa,-0.070313215
2044-12-31 00:00:00,ssp370,Africa,-0.039650917
2045-12-31 00:00:00,ssp370,Africa,-0.16525054
2046-12-31 00:00:00,ssp370,Africa,-0.08019233
2047-12-31 00:00:00,ssp370,Africa,-0.082764864
2048-12-31 00:00:00,ssp370,Africa,0.039204597
2049-12-31 00:00:00,ssp370,Africa,-0.1305728
2050-12-31 00:00:00,ssp370,Africa,-0.030776024
2051-12-31 00:00:00,ssp370,Africa,-0.11402154
2052-12-31 00:00:00,ssp370,Africa,-0.09996581
2053-12-31 00:00:00,ssp370,Africa,-0.08645773
2054-12-31 00:00:00,ssp370,Africa,-0.058834553
2055-12-31 00:00:00,ssp370,Africa,-0.09429836
2056-12-31 00:00:00,ssp370,Africa,-0.065760136
2057-12-31 00:00:00,ssp370,Africa,-0.128299
2058-12-31 00:00:00,ssp370,Africa,-0.21424079
2059-12-31 00:00:00,ssp370,Africa,-0.00011396408
2060-12-31 00:00:00,ssp370,Africa,-0.1510855
2061-12-31 00:00:00,ssp370,Africa,-0.11911106
2062-12-31 00:00:00,ssp370,Africa,-0.23962057
2063-12-31 00:00:00,ssp370,Africa,-0.1677841
2064-12-31 00:00:00,ssp370,Africa,-0.105676174
2065-12-31 00:00:00,ssp370,Africa,-0.3821181
2066-12-31 00:00:00,ssp370,Africa,-0.1647228
2067-12-31 00:00:00,ssp370,Africa,-0.042170763
2068-12-31 00:00:00,ssp370,Africa,-0.099243164
2069-12-31 00:00:00,ssp370,Africa,-0.27387726
2070-12-31 00:00:00,ssp370,Africa,-0.14002407
2071-12-31 00:00:00,ssp370,Africa,-0.09956527
2072-12-31 00:00:00,ssp370,Africa,-0.10167551
2073-12-31 00:00:00,ssp370,Africa,-0.20284128
2074-12-31 00:00:00,ssp370,Africa,-0.26141417
2075-12-31 00:00:00,ssp370,Africa,-0.11498666
2076-12-31 00:00:00,ssp370,Africa,-0.08987975
2077-12-31 00:00:00,ssp370,Africa,0.003699541
2078-12-31 00:00:00,ssp370,Africa,-0.3354373
2079-12-31 00:00:00,ssp370,Africa,-0.013502359
2080-12-31 00:00:00,ssp370,Africa,-0.19365633
2081-12-31 00:00:00,ssp370,Africa,-0.2664634
2082-12-31 00:00:00,ssp370,Africa,-0.1773467
2083-12-31 00:00:00,ssp370,Africa,-0.29393828
2084-12-31 00:00:00,ssp370,Africa,-0.1624986
2085-12-31 00:00:00,ssp370,Africa,-0.18791842
2086-12-31 00:00:00,ssp370,Africa,-0.17202854
2087-12-31 00:00:00,ssp370,Africa,-0.04736495
2088-12-31 00:00:00,ssp370,Africa,-0.16395247
2089-12-31 00:00:00,ssp370,Africa,-0.17426741
2090-12-31 00:00:00,ssp370,Africa,-0.34038985
2091-12-31 00:00:00,ssp370,Africa,-0.13146222
2092-12-31 00:00:00,ssp370,Africa,-0.020546198
2093-12-31 00:00:00,ssp370,Africa,-0.07330561
2094-12-31 00:00:00,ssp370,Africa,-0.21430361
2095-12-31 00:00:00,ssp370,Africa,-0.11747527
2096-12-31 00:00:00,ssp370,Africa,-0.05649805
2097-12-31 00:00:00,ssp370,Africa,-0.41340923
2098-12-31 00:00:00,ssp370,Africa,-0.19648767
2099-12-31 00:00:00,ssp370,Africa,-0.250448
2100-12-31 00:00:00,ssp370,Africa,-0.19168305
2015-12-31 00:00:00,ssp370,Asia,-0.055380106
2016-12-31 00:00:00,ssp370,Asia,-0.13860154
2017-12-31 00:00:00,ssp370,Asia,-0.12604666
2018-12-31 00:00:00,ssp370,Asia,-0.10105729
2019-12-31 00:00:00,ssp370,Asia,-0.06376004
2020-12-31 00:00:00,ssp370,Asia,-0.070506334
2021-12-31 00:00:00,ssp370,Asia,-0.0603168
2022-12-31 00:00:00,ssp370,Asia,-0.068460464
2023-12-31 00:00:00,ssp370,Asia,0.014909744
2024-12-31 00:00:00,ssp370,Asia,-0.046092987
2025-12-31 00:00:00,ssp370,Asia,-0.10566473
2026-12-31 00:00:00,ssp370,Asia,-0.06122303
2027-12-31 00:00:00,ssp370,Asia,0.03670144
2028-12-31 00:00:00,ssp370,Asia,-0.0357666
2029-12-31 00:00:00,ssp370,Asia,-0.15129757
2030-12-31 00:00:00,ssp370,Asia,-0.0600636
2031-12-31 00:00:00,ssp370,Asia,0.026085615
2032-12-31 00:00:00,ssp370,Asia,-0.11934447
2033-12-31 00:00:00,ssp370,Asia,-0.07509947
2034-12-31 00:00:00,ssp370,Asia,-0.061057568
2035-12-31 00:00:00,ssp370,Asia,-0.095758915
2036-12-31 00:00:00,ssp370,Asia,-0.072042465
2037-12-31 00:00:00,ssp370,Asia,-0.09037256
2038-12-31 00:00:00,ssp370,Asia,-0.041692495
2039-12-31 00:00:00,ssp370,Asia,-0.051552773
2040-12-31 00:00:00,ssp370,Asia,-0.047394276
2041-12-31 00:00:00,ssp370,Asia,-0.081446886
2042-12-31 00:00:00,ssp370,Asia,-0.10918951
2043-12-31 00:00:00,ssp370,Asia,-0.009553432
2044-12-31 00:00:00,ssp370,Asia,-0.0163126
2045-12-31 00:00:00,ssp370,Asia,-0.07819557
2046-12-31 00:00:00,ssp370,Asia,-0.021127462
2047-12-31 00:00:00,ssp370,Asia,-0.034317255
2048-12-31 00:00:00,ssp370,Asia,0.030878305
2049-12-31 00:00:00,ssp370,Asia,0.012299538
2050-12-31 00:00:00,ssp370,Asia,0.03167844
2051-12-31 00:00:00,ssp370,Asia,-0.0017418861
2052-12-31 00:00:00,ssp370,Asia,0.034024715
2053-12-31 00:00:00,ssp370,Asia,-0.010830879
2054-12-31 00:00:00,ssp370,Asia,0.011669636
2055-12-31 00:00:00,ssp370,Asia,0.10675788
2056-12-31 00:00:00,ssp370,Asia,0.019829273
2057-12-31 00:00:00,ssp370,Asia,-0.0058903694
2058-12-31 00:00:00,ssp370,Asia,-0.0038576126
2059-12-31 00:00:00,ssp370,Asia,0.05507207
2060-12-31 00:00:00,ssp370,Asia,-0.03442216
2061-12-31 00:00:00,ssp370,Asia,0.04577446
2062-12-31 00:00:00,ssp370,Asia,-0.02411437
2063-12-31 00:00:00,ssp370,Asia,0.07362819
2064-12-31 00:00:00,ssp370,Asia,-0.04032564
2065-12-31 00:00:00,ssp370,Asia,-0.04331565
2066-12-31 00:00:00,ssp370,Asia,0.14015007
2067-12-31 00:00:00,ssp370,Asia,0.07482839
2068-12-31 00:00:00,ssp370,Asia,-0.042969942
2069-12-31 00:00:00,ssp370,Asia,-0.017409563
2070-12-31 00:00:00,ssp370,Asia,0.07333827
2071-12-31 00:00:00,ssp370,Asia,0.076598644
2072-12-31 00:00:00,ssp370,Asia,0.008924246
2073-12-31 00:00:00,ssp370,Asia,0.008723736
2074-12-31 00:00:00,ssp370,Asia,0.056221724
2075-12-31 00:00:00,ssp370,Asia,0.11586475
2076-12-31 00:00:00,ssp370,Asia,0.16189146
2077-12-31 00:00:00,ssp370,Asia,0.05121064
2078-12-31 00:00:00,ssp370,Asia,0.012761354
2079-12-31 00:00:00,ssp370,Asia,0.19107461
2080-12-31 00:00:00,ssp370,Asia,0.021403074
2081-12-31 00:00:00,ssp370,Asia,0.08251691
2082-12-31 00:00:00,ssp370,Asia,0.061621666
2083-12-31 00:00:00,ssp370,Asia,0.06072259
2084-12-31 00:00:00,ssp370,Asia,0.15193653
2085-12-31 00:00:00,ssp370,Asia,0.11825132
2086-12-31 00:00:00,ssp370,Asia,0.019177198
2087-12-31 00:00:00,ssp370,Asia,0.0842495
2088-12-31 00:00:00,ssp370,Asia,0.05658436
2089-12-31 00:00:00,ssp370,Asia,0.10903287
2090-12-31 00:00:00,ssp370,Asia,0.1209116
2091-12-31 00:00:00,ssp370,Asia,0.079660416
2092-12-31 00:00:00,ssp370,Asia,0.15231085
2093-12-31 00:00:00,ssp370,Asia,0.036081314
2094-12-31 00:00:00,ssp370,Asia,0.04214096
2095-12-31 00:00:00,ssp370,Asia,0.11439705
2096-12-31 00:00:00,ssp370,Asia,0.113274336
2097-12-31 00:00:00,ssp370,Asia,0.059678555
2098-12-31 00:00:00,ssp370,Asia,0.09784269
2099-12-31 00:00:00,ssp370,Asia,-0.007105589
2100-12-31 00:00:00,ssp370,Asia,0.083129406
2015-12-31 00:00:00,ssp585,Global,-0.048565865
2016-12-31 00:00:00,ssp585,Global,-0.06513238
2017-12-31 00:00:00,ssp585,Global,-0.056384802
2018-12-31 00:00:00,ssp585,Global,-0.04319358
2019-12-31 00:00:00,ssp585,Global,-0.06137514
2020-12-31 00:00:00,ssp585,Global,-0.044973135
2021-12-31 00:00:00,ssp585,Global,-0.05101323
2022-12-31 00:00:00,ssp585,Global,-0.039957285
2023-12-31 00:00:00,ssp585,Global,-0.036846876
2024-12-31 00:00:00,ssp585,Global,-0.02529025
2025-12-31 00:00:00,ssp585,Global,-0.035442352
2026-12-31 00:00:00,ssp585,Global,-0.028712988
2027-12-31 00:00:00,ssp585,Global,-0.03249526
2028-12-31 00:00:00,ssp585,Global,-0.022651434
2029-12-31 00:00:00,ssp585,Global,-0.025090218
2030-12-31 00:00:00,ssp585,Global,-0.022297382
2031-12-31 00:00:00,ssp585,Global,-0.017620564
2032-12-31 00:00:00,ssp585,Global,-0.010935307
2033-12-31 00:00:00,ssp585,Global,-0.025043726
2034-12-31 00:00:00,ssp585,Global,-0.013355255
2035-12-31 00:00:00,ssp585,Global,-0.011279345
2036-12-31 00:00:00,ssp585,Global,-0.013078451
2037-12-31 00:00:00,ssp585,Global,-0.023452044
2038-12-31 00:00:00,ssp585,Global,-0.00053429604
2039-12-31 00:00:00,ssp585,Global,0.002908945
2040-12-31 00:00:00,ssp585,Global,-0.016946793
2041-12-31 00:00:00,ssp585,Global,-0.0001320839
2042-12-31 00:00:00,ssp585,Global,0.02574253
2043-12-31 00:00:00,ssp585,Global,-0.0050976276
2044-12-31 00:00:00,ssp585,Global,0.0018846989
2045-12-31 00:00:00,ssp585,Global,0.0011665821
2046-12-31 00:00:00,ssp585,Global,0.0126309395
2047-12-31 00:00:00,ssp585,Global,0.005433798
2048-12-31 00:00:00,ssp585,Global,0.0076286793
2049-12-31 00:00:00,ssp585,Global,0.041888237
2050-12-31 00:00:00,ssp585,Global,0.025133371
2051-12-31 00:00:00,ssp585,Global,0.027518272
2052-12-31 00:00:00,ssp585,Global,0.040370703
2053-12-31 00:00:00,ssp585,Global,0.029975891
2054-12-31 00:00:00,ssp585,Global,0.03256035
2055-12-31 00:00:00,ssp585,Global,0.046242
2056-12-31 00:00:00,ssp585,Global,0.036019802
2057-12-31 00:00:00,ssp585,Global,0.037481546
2058-12-31 00:00:00,ssp585,Global,0.05188632
2059-12-31 00:00:00,ssp585,Global,0.056313276
2060-12-31 00:00:00,ssp585,Global,0.050801277
2061-12-31 00:00:00,ssp585,Global,0.049963713
2062-12-31 00:00:00,ssp585,Global,0.049654484
2063-12-31 00:00:00,ssp585,Global,0.053470373
2064-12-31 00:00:00,ssp585,Global,0.070244074
2065-12-31 00:00:00,ssp585,Global,0.048345566
2066-12-31 00:00:00,ssp585,Global,0.05705428
2067-12-31 00:00:00,ssp585,Global,0.06468129
2068-12-31 00:00:00,ssp585,Global,0.084193945
2069-12-31 00:00:00,ssp585,Global,0.06811905
2070-12-31 00:00:00,ssp585,Global,0.06989026
2071-12-31 00:00:00,ssp585,Global,0.06958318
2072-12-31 00:00:00,ssp585,Global,0.080652714
2073-12-31 00:00:00,ssp585,Global,0.065603495
2074-12-31 00:00:00,ssp585,Global,0.06389785
2075-12-31 00:00:00,ssp585,Global,0.062479496
2076-12-31 00:00:00,ssp585,Global,0.09300947
2077-12-31 00:00:00,ssp585,Global,0.08336043
2078-12-31 00:00:00,ssp585,Global,0.0756197
2079-12-31 00:00:00,ssp585,Global,0.0968678
2080-12-31 00:00:00,ssp585,Global,0.09990716
2081-12-31 00:00:00,ssp585,Global,0.11449885
2082-12-31 00:00:00,ssp585,Global,0.10037923
2083-12-31 00:00:00,ssp585,Global,0.11251569
2084-12-31 00:00:00,ssp585,Global,0.10579038
2085-12-31 00:00:00,ssp585,Global,0.104777575
2086-12-31 00:00:00,ssp585,Global,0.12763
2087-12-31 00:00:00,ssp585,Global,0.111189365
2088-12-31 00:00:00,ssp585,Global,0.12703872
2089-12-31 00:00:00,ssp585,Global,0.12331104
2090-12-31 00:00:00,ssp585,Global,0.123352766
2091-12-31 00:00:00,ssp585,Global,0.123794794
2092-12-31 00:00:00,ssp585,Global,0.11284542
2093-12-31 00:00:00,ssp585,Global,0.15397668
2094-12-31 00:00:00,ssp585,Global,0.13815475
2095-12-31 00:00:00,ssp585,Global,0.12017536
2096-12-31 00:00:00,ssp585,Global,0.1250813
2097-12-31 00:00:00,ssp585,Global,0.16194224
2098-12-31 00:00:00,ssp585,Global,0.1603334
2099-12-31 00:00:00,ssp585,Global,0.14464307
2100-12-31 00:00:00,ssp585,Global,0.1603477
2015-12-31 00:00:00,ssp585,North America,-0.12418795
2016-12-31 00:00:00,ssp585,North America,-0.14546013
2017-12-31 00:00:00,ssp585,North America,-0.09177804
2018-12-31 00:00:00,ssp585,North America,-0.051632404
2019-12-31 00:00:00,ssp585,North America,-0.11614561
2020-12-31 00:00:00,ssp585,North America,-0.07957101
2021-12-31 00:00:00,ssp585,North America,-0.11998963
2022-12-31 00:00:00,ssp585,North America,-0.09525299
2023-12-31 00:00:00,ssp585,North America,-0.12568974
2024-12-31 00:00:00,ssp585,North America,-0.05468774
2025-12-31 00:00:00,ssp585,North America,-0.06210518
2026-12-31 00:00:00,ssp585,North America,-0.038271904
2027-12-31 00:00:00,ssp585,North America,-0.063812494
2028-12-31 00:00:00,ssp585,North America,-0.05319667
2029-12-31 00:00:00,ssp585,North America,-0.08633757
2030-12-31 00:00:00,ssp585,North America,-0.05999565
2031-12-31 00:00:00,ssp585,North America,-0.04910183
2032-12-31 00:00:00,ssp585,North America,0.0004632473
2033-12-31 00:00:00,ssp585,North America,-0.090847254
2034-12-31 00:00:00,ssp585,North America,-0.13591552
2035-12-31 00:00:00,ssp585,North America,-0.04168558
2036-12-31 00:00:00,ssp585,North America,-0.06500101
2037-12-31 00:00:00,ssp585,North America,0.00070261955
2038-12-31 00:00:00,ssp585,North America,-0.011297941
2039-12-31 00:00:00,ssp585,North America,-0.07984805
2040-12-31 00:00:00,ssp585,North America,-0.037064075
2041-12-31 00:00:00,ssp585,North America,-0.056158304
2042-12-31 00:00:00,ssp585,North America,-0.029434204
2043-12-31 00:00:00,ssp585,North America,-0.02187872
2044-12-31 00:00:00,ssp585,North America,-0.090622425
2045-12-31 00:00:00,ssp585,North America,0.005145788
2046-12-31 00:00:00,ssp585,North America,0.025259018
2047-12-31 00:00:00,ssp585,North America,-0.055793047
2048-12-31 00:00:00,ssp585,North America,0.0714643
2049-12-31 00:00:00,ssp585,North America,0.035674572
2050-12-31 00:00:00,ssp585,North America,-0.011219263
2051-12-31 00:00:00,ssp585,North America,0.057672024
2052-12-31 00:00:00,ssp585,North America,0.025268555
2053-12-31 00:00:00,ssp585,North America,-0.030290127
2054-12-31 00:00:00,ssp585,North America,-0.0035262108
2055-12-31 00:00:00,ssp585,North America,0.0548563
2056-12-31 00:00:00,ssp585,North America,-0.02958703
2057-12-31 00:00:00,ssp585,North America,-0.06261182
2058-12-31 00:00:00,ssp585,North America,0.017935991
2059-12-31 00:00:00,ssp585,North America,-0.041190386
2060-12-31 00:00:00,ssp585,North America,0.07231331
2061-12-31 00:00:00,ssp585,North America,0.010086775
2062-12-31 00:00:00,ssp585,North America,0.023216248
2063-12-31 00:00:00,ssp585,North America,0.07122731
2064-12-31 00:00:00,ssp585,North America,-0.02918601
2065-12-31 00:00:00,ssp585,North America,-0.002703905
2066-12-31 00:00:00,ssp585,North America,-0.061813116
2067-12-31 00:00:00,ssp585,North America,0.0793128
2068-12-31 00:00:00,ssp585,North America,0.023607016
2069-12-31 00:00:00,ssp585,North America,-0.029051065
2070-12-31 00:00:00,ssp585,North America,0.07472253
2071-12-31 00:00:00,ssp585,North America,0.032409906
2072-12-31 00:00:00,ssp585,North America,0.0634284
2073-12-31 00:00:00,ssp585,North America,0.067229986
2074-12-31 00:00:00,ssp585,North America,0.043819666
2075-12-31 00:00:00,ssp585,North America,0.008798599
2076-12-31 00:00:00,ssp585,North America,0.12852526
2077-12-31 00:00:00,ssp585,North America,0.013624668
2078-12-31 00:00:00,ssp585,North America,0.112891436
2079-12-31 00:00:00,ssp585,North America,0.05630541
2080-12-31 00:00:00,ssp585,North America,0.08765364
2081-12-31 00:00:00,ssp585,North America,0.09351039
2082-12-31 00:00:00,ssp585,North America,0.1011219
2083-12-31 00:00:00,ssp585,North America,0.092065096
2084-12-31 00:00:00,ssp585,North America,0.019181013
2085-12-31 00:00:00,ssp585,North America,0.06324673
2086-12-31 00:00:00,ssp585,North America,0.12917924
2087-12-31 00:00:00,ssp585,North America,0.06918192
2088-12-31 00:00:00,ssp585,North America,0.089808226
2089-12-31 00:00:00,ssp585,North America,0.122988224
2090-12-31 00:00:00,ssp585,North America,0.048793793
2091-12-31 00:00:00,ssp585,North America,0.079631805
2092-12-31 00:00:00,ssp585,North America,0.051312923
2093-12-31 00:00:00,ssp585,North America,0.096595764
2094-12-31 00:00:00,ssp585,North America,0.12556696
2095-12-31 00:00:00,ssp585,North America,0.07226443
2096-12-31 00:00:00,ssp585,North America,0.15693879
2097-12-31 00:00:00,ssp585,North America,0.11858034
2098-12-31 00:00:00,ssp585,North America,0.13476062
2099-12-31 00:00:00,ssp585,North America,0.030575037
2100-12-31 00:00:00,ssp585,North America,0.12592936
2015-12-31 00:00:00,ssp585,South America,0.02054286
2016-12-31 00:00:00,ssp585,South America,-0.14546752
2017-12-31 00:00:00,ssp585,South America,-0.24278975
2018-12-31 00:00:00,ssp585,South America,-0.121542454
2019-12-31 00:00:00,ssp585,South America,0.060328007
2020-12-31 00:00:00,ssp585,South America,-0.27042294
2021-12-31 00:00:00,ssp585,South America,-0.35597897
2022-12-31 00:00:00,ssp585,South America,-0.07378721
2023-12-31 00:00:00,ssp585,South America,-0.2772882
2024-12-31 00:00:00,ssp585,South America,-0.2323966
2025-12-31 00:00:00,ssp585,South America,-0.16393638
2026-12-31 00:00:00,ssp585,South America,-0.26781178
2027-12-31 00:00:00,ssp585,South America,-0.028511763
2028-12-31 00:00:00,ssp585,South America,-0.0006971359
2029-12-31 00:00:00,ssp585,South America,-0.12446809
2030-12-31 00:00:00,ssp585,South America,-0.007413864
2031-12-31 00:00:00,ssp585,South America,-0.1807046
2032-12-31 00:00:00,ssp585,South America,-0.1331408
2033-12-31 00:00:00,ssp585,South America,-0.19826674
2034-12-31 00:00:00,ssp585,South America,-0.16138268
2035-12-31 00:00:00,ssp585,South America,-0.14060664
2036-12-31 00:00:00,ssp585,South America,-0.22003555
2037-12-31 00:00:00,ssp585,South America,-0.09880209
2038-12-31 00:00:00,ssp585,South America,-0.392848
2039-12-31 00:00:00,ssp585,South America,-0.30447888
2040-12-31 00:00:00,ssp585,South America,-0.30171824
2041-12-31 00:00:00,ssp585,South America,-0.404526
2042-12-31 00:00:00,ssp585,South America,-0.03283
2043-12-31 00:00:00,ssp585,South America,-0.11663079
2044-12-31 00:00:00,ssp585,South America,-0.2050302
2045-12-31 00:00:00,ssp585,South America,-0.33288002
2046-12-31 00:00:00,ssp585,South America,-0.18226886
2047-12-31 00:00:00,ssp585,South America,-0.18478894
2048-12-31 00:00:00,ssp585,South America,-0.35482907
2049-12-31 00:00:00,ssp585,South America,-0.28602672
2050-12-31 00:00:00,ssp585,South America,-0.17518592
2051-12-31 00:00:00,ssp585,South America,-0.31568003
2052-12-31 00:00:00,ssp585,South America,-0.24533439
2053-12-31 00:00:00,ssp585,South America,-0.19452095
2054-12-31 00:00:00,ssp585,South America,-0.2068758
2055-12-31 00:00:00,ssp585,South America,-0.1344614
2056-12-31 00:00:00,ssp585,South America,-0.19044566
2057-12-31 00:00:00,ssp585,South America,-0.2575004
2058-12-31 00:00:00,ssp585,South America,-0.20420456
2059-12-31 00:00:00,ssp585,South America,-0.26521492
2060-12-31 00:00:00,ssp585,South America,-0.2851367
2061-12-31 00:00:00,ssp585,South America,-0.28424954
2062-12-31 00:00:00,ssp585,South America,-0.3388636
2063-12-31 00:00:00,ssp585,South America,-0.27751064
2064-12-31 00:00:00,ssp585,South America,-0.16715646
2065-12-31 00:00:00,ssp585,South America,-0.16070127
2066-12-31 00:00:00,ssp585,South America,-0.31075168
2067-12-31 00:00:00,ssp585,South America,-0.25802445
2068-12-31 00:00:00,ssp585,South America,-0.17233157
2069-12-31 00:00:00,ssp585,South America,-0.21696353
2070-12-31 00:00:00,ssp585,South America,-0.2760768
2071-12-31 00:00:00,ssp585,South America,-0.21176481
2072-12-31 00:00:00,ssp585,South America,-0.23737693
2073-12-31 00:00:00,ssp585,South America,-0.29410076
2074-12-31 00:00:00,ssp585,South America,-0.2846501
2075-12-31 00:00:00,ssp585,South America,-0.30174398
2076-12-31 00:00:00,ssp585,South America,-0.29697227
2077-12-31 00:00:00,ssp585,South America,-0.3565476
2078-12-31 00:00:00,ssp585,South America,-0.35825944
2079-12-31 00:00:00,ssp585,South America,-0.4221344
2080-12-31 00:00:00,ssp585,South America,-0.23015618
2081-12-31 00:00:00,ssp585,South America,-0.35056734
2082-12-31 00:00:00,ssp585,South America,-0.35673857
2083-12-31 00:00:00,ssp585,South America,-0.22853827
2084-12-31 00:00:00,ssp585,South America,-0.2412684
2085-12-31 00:00:00,ssp585,South America,-0.44701552
2086-12-31 00:00:00,ssp585,South America,-0.38171625
2087-12-31 00:00:00,ssp585,South America,-0.28182983
2088-12-31 00:00:00,ssp585,South America,-0.21776295
2089-12-31 00:00:00,ssp585,South America,-0.33907437
2090-12-31 00:00:00,ssp585,South America,-0.43297386
2091-12-31 00:00:00,ssp585,South America,-0.24612546
2092-12-31 00:00:00,ssp585,South America,-0.3684919
2093-12-31 00:00:00,ssp585,South America,-0.40074515
2094-12-31 00:00:00,ssp585,South America,-0.25766587
2095-12-31 00:00:00,ssp585,South America,-0.5293939
2096-12-31 00:00:00,ssp585,South America,-0.536978
2097-12-31 00:00:00,ssp585,South America,-0.27028322
2098-12-31 00:00:00,ssp585,South America,-0.20241356
2099-12-31 00:00:00,ssp585,South America,-0.23623157
2100-12-31 00:00:00,ssp585,South America,-0.39872813
2015-12-31 00:00:00,ssp585,Europe,-0.12109804
2016-12-31 00:00:00,ssp585,Europe,-0.17808497
2017-12-31 00:00:00,ssp585,Europe,-0.16046178
2018-12-31 00:00:00,ssp585,Europe,-0.18574858
2019-12-31 00:00:00,ssp585,Europe,-0.18368757
2020-12-31 00:00:00,ssp585,Europe,-0.13592553
2021-12-31 00:00:00,ssp585,Europe,-0.15690911
2022-12-31 00:00:00,ssp585,Europe,-0.11155295
2023-12-31 00:00:00,ssp585,Europe,-0.15063405
2024-12-31 00:00:00,ssp585,Europe,-0.10965872
2025-12-31 00:00:00,ssp585,Europe,-0.24012268
2026-12-31 00:00:00,ssp585,Europe,-0.056114435
2027-12-31 00:00:00,ssp585,Europe,-0.046355247
2028-12-31 00:00:00,ssp585,Europe,-0.14393473
2029-12-31 00:00:00,ssp585,Europe,-0.18150425
2030-12-31 00:00:00,ssp585,Europe,-0.102745056
2031-12-31 00:00:00,ssp585,Europe,-0.1494757
2032-12-31 00:00:00,ssp585,Europe,-0.03366065
2033-12-31 00:00:00,ssp585,Europe,-0.17631614
2034-12-31 00:00:00,ssp585,Europe,-0.17295682
2035-12-31 00:00:00,ssp585,Europe,-0.1266036
2036-12-31 00:00:00,ssp585,Europe,-0.11490154
2037-12-31 00:00:00,ssp585,Europe,-0.13713789
2038-12-31 00:00:00,ssp585,Europe,-0.083580256
2039-12-31 00:00:00,ssp585,Europe,-0.15004921
2040-12-31 00:00:00,ssp585,Europe,-0.13823843
2041-12-31 00:00:00,ssp585,Europe,-0.086223125
2042-12-31 00:00:00,ssp585,Europe,-0.10343218
2043-12-31 00:00:00,ssp585,Europe,-0.090741634
2044-12-31 00:00:00,ssp585,Europe,-0.13943613
2045-12-31 00:00:00,ssp585,Europe,-0.1558305
2046-12-31 00:00:00,ssp585,Europe,-0.16269016
2047-12-31 00:00:00,ssp585,Europe,-0.15370524
2048-12-31 00:00:00,ssp585,Europe,-0.11137581
2049-12-31 00:00:00,ssp585,Europe,-0.13227439
2050-12-31 00:00:00,ssp585,Europe,-0.11325002
2051-12-31 00:00:00,ssp585,Europe,-0.056028843
2052-12-31 00:00:00,ssp585,Europe,-0.09377742
2053-12-31 00:00:00,ssp585,Europe,-0.12249303
2054-12-31 00:00:00,ssp585,Europe,-0.08208084
2055-12-31 00:00:00,ssp585,Europe,-0.028616667
2056-12-31 00:00:00,ssp585,Europe,-0.0941875
2057-12-31 00:00:00,ssp585,Europe,-0.14902842
2058-12-31 00:00:00,ssp585,Europe,-0.12222886
2059-12-31 00:00:00,ssp585,Europe,-0.100738764
2060-12-31 00:00:00,ssp585,Europe,-0.07070947
2061-12-31 00:00:00,ssp585,Europe,-0.12627077
2062-12-31 00:00:00,ssp585,Europe,-0.15700376
2063-12-31 00:00:00,ssp585,Europe,-0.18637788
2064-12-31 00:00:00,ssp585,Europe,-0.16990817
2065-12-31 00:00:00,ssp585,Europe,-0.09692812
2066-12-31 00:00:00,ssp585,Europe,-0.20545042
2067-12-31 00:00:00,ssp585,Europe,-0.065541744
2068-12-31 00:00:00,ssp585,Europe,-0.08552694
2069-12-31 00:00:00,ssp585,Europe,-0.11455846
2070-12-31 00:00:00,ssp585,Europe,-0.15934277
2071-12-31 00:00:00,ssp585,Europe,-0.09206939
2072-12-31 00:00:00,ssp585,Europe,-0.10244846
2073-12-31 00:00:00,ssp585,Europe,-0.09350538
2074-12-31 00:00:00,ssp585,Europe,-0.10962987
2075-12-31 00:00:00,ssp585,Europe,-0.13440776
2076-12-31 00:00:00,ssp585,Europe,-0.0847919
2077-12-31 00:00:00,ssp585,Europe,-0.14631975
2078-12-31 00:00:00,ssp585,Europe,-0.14450777
2079-12-31 00:00:00,ssp585,Europe,-0.03951907
2080-12-31 00:00:00,ssp585,Europe,-0.0690968
2081-12-31 00:00:00,ssp585,Europe,-0.0094304085
2082-12-31 00:00:00,ssp585,Europe,-0.032700777
2083-12-31 00:00:00,ssp585,Europe,-0.09714794
2084-12-31 00:00:00,ssp585,Europe,-0.11734557
2085-12-31 00:00:00,ssp585,Europe,-0.044074535
2086-12-31 00:00:00,ssp585,Europe,-0.08319402
2087-12-31 00:00:00,ssp585,Europe,-0.1864475
2088-12-31 00:00:00,ssp585,Europe,-0.09792948
2089-12-31 00:00:00,ssp585,Europe,-0.058971167
2090-12-31 00:00:00,ssp585,Europe,-0.11657858
2091-12-31 00:00:00,ssp585,Europe,-0.19493854
2092-12-31 00:00:00,ssp585,Europe,-0.05744815
2093-12-31 00:00:00,ssp585,Europe,-0.09302068
2094-12-31 00:00:00,ssp585,Europe,-0.15211451
2095-12-31 00:00:00,ssp585,Europe,-0.122737885
2096-12-31 00:00:00,ssp585,Europe,-0.13334167
2097-12-31 00:00:00,ssp585,Europe,-0.11227107
2098-12-31 00:00:00,ssp585,Europe,-0.15413785
2099-12-31 00:00:00,ssp585,Europe,-0.22487426
2100-12-31 00:00:00,ssp585,Europe,-0.083730936
2015-12-31 00:00:00,ssp585,Africa,-0.045791626
2016-12-31 00:00:00,ssp585,Africa,-0.098110914
2017-12-31 00:00:00,ssp585,Africa,-0.06164217
2018-12-31 00:00:00,ssp585,Africa,-0.22995234
2019-12-31 00:00:00,ssp585,Africa,-0.111025095
2020-12-31 00:00:00,ssp585,Africa,-0.16246343
2021-12-31 00:00:00,ssp585,Africa,-0.1310134
2022-12-31 00:00:00,ssp585,Africa,-0.25955796
2023-12-31 00:00:00,ssp585,Africa,-0.1432575
2024-12-31 00:00:00,ssp585,Africa,-0.1080842
2025-12-31 00:00:00,ssp585,Africa,-0.111995935
2026-12-31 00:00:00,ssp585,Africa,-0.077771425
2027-12-31 00:00:00,ssp585,Africa,-0.21336567
2028-12-31 00:00:00,ssp585,Africa,0.012208939
2029-12-31 00:00:00,ssp585,Africa,-0.23313737
2030-12-31 00:00:00,ssp585,Africa,-0.039643526
2031-12-31 00:00:00,ssp585,Africa,0.05262661
2032-12-31 00:00:00,ssp585,Africa,-0.09078312
2033-12-31 00:00:00,ssp585,Africa,-0.08064127
2034-12-31 00:00:00,ssp585,Africa,-0.10148692
2035-12-31 00:00:00,ssp585,Africa,-0.122205496
2036-12-31 00:00:00,ssp585,Africa,-0.15512967
2037-12-31 00:00:00,ssp585,Africa,-0.07883716
2038-12-31 00:00:00,ssp585,Africa,0.00895524
2039-12-31 00:00:00,ssp585,Africa,-0.031150818
2040-12-31 00:00:00,ssp585,Africa,-0.0077211857
2041-12-31 00:00:00,ssp585,Africa,0.07294464
2042-12-31 00:00:00,ssp585,Africa,-0.21589994
2043-12-31 00:00:00,ssp585,Africa,0.003704071
2044-12-31 00:00:00,ssp585,Africa,-0.10078573
2045-12-31 00:00:00,ssp585,Africa,0.02739811
2046-12-31 00:00:00,ssp585,Africa,-0.18351245
2047-12-31 00:00:00,ssp585,Africa,-0.13198268
2048-12-31 00:00:00,ssp585,Africa,-0.019106388
2049-12-31 00:00:00,ssp585,Africa,-0.1272769
2050-12-31 00:00:00,ssp585,Africa,0.06398964
2051-12-31 00:00:00,ssp585,Africa,-0.12019229
2052-12-31 00:00:00,ssp585,Africa,-0.09985447
2053-12-31 00:00:00,ssp585,Africa,-0.06304741
2054-12-31 00:00:00,ssp585,Africa,-0.14122462
2055-12-31 00:00:00,ssp585,Africa,0.01109004
2056-12-31 00:00:00,ssp585,Africa,0.062770605
2057-12-31 00:00:00,ssp585,Africa,0.08190274
2058-12-31 00:00:00,ssp585,Africa,-0.08239579
2059-12-31 00:00:00,ssp585,Africa,-0.10674906
2060-12-31 00:00:00,ssp585,Africa,-0.21010733
2061-12-31 00:00:00,ssp585,Africa,0.027188778
2062-12-31 00:00:00,ssp585,Africa,-0.09959245
2063-12-31 00:00:00,ssp585,Africa,-0.1814096
2064-12-31 00:00:00,ssp585,Africa,-0.20131135
2065-12-31 00:00:00,ssp585,Africa,-0.20804703
2066-12-31 00:00:00,ssp585,Africa,-0.08073068
2067-12-31 00:00:00,ssp585,Africa,-0.20625341
2068-12-31 00:00:00,ssp585,Africa,-0.18437636
2069-12-31 00:00:00,ssp585,Africa,-0.12479162
2070-12-31 00:00:00,ssp585,Africa,-0.09466815
2071-12-31 00:00:00,ssp585,Africa,-0.119754076
2072-12-31 00:00:00,ssp585,Africa,-0.16010427
2073-12-31 00:00:00,ssp585,Africa,-0.012000561
2074-12-31 00:00:00,ssp585,Africa,-0.12877989
2075-12-31 00:00:00,ssp585,Africa,-0.11086488
2076-12-31 00:00:00,ssp585,Africa,-0.02477169
2077-12-31 00:00:00,ssp585,Africa,0.0052142143
2078-12-31 00:00:00,ssp585,Africa,0.00071287155
2079-12-31 00:00:00,ssp585,Africa,-0.25417268
2080-12-31 00:00:00,ssp585,Africa,-0.13851619
2081-12-31 00:00:00,ssp585,Africa,-0.19804454
2082-12-31 00:00:00,ssp585,Africa,-0.2170335
2083-12-31 00:00:00,ssp585,Africa,-0.11694074
2084-12-31 00:00:00,ssp585,Africa,-0.15111828
2085-12-31 00:00:00,ssp585,Africa,0.03290224
2086-12-31 00:00:00,ssp585,Africa,-0.161708
2087-12-31 00:00:00,ssp585,Africa,-0.12654829
2088-12-31 00:00:00,ssp585,Africa,-0.1938479
2089-12-31 00:00:00,ssp585,Africa,-0.05790639
2090-12-31 00:00:00,ssp585,Africa,-0.03239894
2091-12-31 00:00:00,ssp585,Africa,-0.16004753
2092-12-31 00:00:00,ssp585,Africa,-0.10166168
2093-12-31 00:00:00,ssp585,Africa,-0.13428545
2094-12-31 00:00:00,ssp585,Africa,-0.045574427
2095-12-31 00:00:00,ssp585,Africa,-0.08436799
2096-12-31 00:00:00,ssp585,Africa,-0.14507425
2097-12-31 00:00:00,ssp585,Africa,-0.18439567
2098-12-31 00:00:00,ssp585,Africa,-0.05055952
2099-12-31 00:00:00,ssp585,Africa,-0.061029434
2100-12-31 00:00:00,ssp585,Africa,-0.003960848
2015-12-31 00:00:00,ssp585,Asia,-0.017086744
2016-12-31 00:00:00,ssp585,Asia,-0.10402489
2017-12-31 00:00:00,ssp585,Asia,-0.062428713
2018-12-31 00:00:00,ssp585,Asia,-0.15726423
2019-12-31 00:00:00,ssp585,Asia,-0.036990166
2020-12-31 00:00:00,ssp585,Asia,0.0075936317
2021-12-31 00:00:00,ssp585,Asia,-0.124133825
2022-12-31 00:00:00,ssp585,Asia,-0.12192798
2023-12-31 00:00:00,ssp585,Asia,0.019952059
2024-12-31 00:00:00,ssp585,Asia,-0.073097706
2025-12-31 00:00:00,ssp585,Asia,-0.0034854412
2026-12-31 00:00:00,ssp585,Asia,-0.018238783
2027-12-31 00:00:00,ssp585,Asia,-0.044120073
2028-12-31 00:00:00,ssp585,Asia,0.0075764656
2029-12-31 00:00:00,ssp585,Asia,-0.026306152
2030-12-31 00:00:00,ssp585,Asia,-0.026057243
2031-12-31 00:00:00,ssp585,Asia,-0.023524761
2032-12-31 00:00:00,ssp585,Asia,-0.0011823177
2033-12-31 00:00:00,ssp585,Asia,0.0064246655
2034-12-31 00:00:00,ssp585,Asia,0.0043399334
2035-12-31 00:00:00,ssp585,Asia,0.07708502
2036-12-31 00:00:00,ssp585,Asia,-0.012220621
2037-12-31 00:00:00,ssp585,Asia,0.04824376
2038-12-31 00:00:00,ssp585,Asia,0.030957222
2039-12-31 00:00:00,ssp585,Asia,-0.019826412
2040-12-31 00:00:00,ssp585,Asia,0.07341862
2041-12-31 00:00:00,ssp585,Asia,0.017247438
2042-12-31 00:00:00,ssp585,Asia,-0.02128458
2043-12-31 00:00:00,ssp585,Asia,0.10162687
2044-12-31 00:00:00,ssp585,Asia,-0.018217802
2045-12-31 00:00:00,ssp585,Asia,0.124320745
2046-12-31 00:00:00,ssp585,Asia,-0.06532717
2047-12-31 00:00:00,ssp585,Asia,0.08642173
2048-12-31 00:00:00,ssp585,Asia,0.07495475
2049-12-31 00:00:00,ssp585,Asia,0.058915615
2050-12-31 00:00:00,ssp585,Asia,0.15333843
2051-12-31 00:00:00,ssp585,Asia,0.14001513
2052-12-31 00:00:00,ssp585,Asia,-0.009532213
2053-12-31 00:00:00,ssp585,Asia,0.13033533
2054-12-31 00:00:00,ssp585,Asia,-0.005172968
2055-12-31 00:00:00,ssp585,Asia,0.080997705
2056-12-31 00:00:00,ssp585,Asia,0.09351611
2057-12-31 00:00:00,ssp585,Asia,0.20741892
2058-12-31 00:00:00,ssp585,Asia,0.14245653
2059-12-31 00:00:00,ssp585,Asia,0.086741686
2060-12-31 00:00:00,ssp585,Asia,0.037070513
2061-12-31 00:00:00,ssp585,Asia,0.20054197
2062-12-31 00:00:00,ssp585,Asia,0.17610192
2063-12-31 00:00:00,ssp585,Asia,0.11584997
2064-12-31 00:00:00,ssp585,Asia,0.09518218
2065-12-31 00:00:00,ssp585,Asia,0.18845987
2066-12-31 00:00:00,ssp585,Asia,0.11685228
2067-12-31 00:00:00,ssp585,Asia,0.116046906
2068-12-31 00:00:00,ssp585,Asia,0.059453964
2069-12-31 00:00:00,ssp585,Asia,0.16534781
2070-12-31 00:00:00,ssp585,Asia,0.15103626
2071-12-31 00:00:00,ssp585,Asia,0.18855262
2072-12-31 00:00:00,ssp585,Asia,0.13588595
2073-12-31 00:00:00,ssp585,Asia,0.21528792
2074-12-31 00:00:00,ssp585,Asia,0.18759274
2075-12-31 00:00:00,ssp585,Asia,0.19565892
2076-12-31 00:00:00,ssp585,Asia,0.15731359
2077-12-31 00:00:00,ssp585,Asia,0.23370314
2078-12-31 00:00:00,ssp585,Asia,0.20387244
2079-12-31 00:00:00,ssp585,Asia,0.120413065
2080-12-31 00:00:00,ssp585,Asia,0.24417377
2081-12-31 00:00:00,ssp585,Asia,0.12420535
2082-12-31 00:00:00,ssp585,Asia,0.21905518
2083-12-31 00:00:00,ssp585,Asia,0.24909854
2084-12-31 00:00:00,ssp585,Asia,0.37570763
2085-12-31 00:00:00,ssp585,Asia,0.31719995
2086-12-31 00:00:00,ssp585,Asia,0.2871306
2087-12-31 00:00:00,ssp585,Asia,0.17554069
2088-12-31 00:00:00,ssp585,Asia,0.19354057
2089-12-31 00:00:00,ssp585,Asia,0.16160965
2090-12-31 00:00:00,ssp585,Asia,0.307899
2091-12-31 00:00:00,ssp585,Asia,0.24705172
2092-12-31 00:00:00,ssp585,Asia,0.26564193
2093-12-31 00:00:00,ssp585,Asia,0.2248888
2094-12-31 00:00:00,ssp585,Asia,0.36962938
2095-12-31 00:00:00,ssp585,Asia,0.3145721
2096-12-31 00:00:00,ssp585,Asia,0.21312499
2097-12-31 00:00:00,ssp585,Asia,0.22511268
2098-12-31 00:00:00,ssp585,Asia,0.28622174
2099-12-31 00:00:00,ssp585,Asia,0.3457358
2100-12-31 00:00:00,ssp585,Asia,0.29045415
