time,scenario,region,tas_C_anomaly
2015-12-31 00:00:00,ssp126,Global,0.85617065
2016-12-31 00:00:00,ssp126,Global,0.852478
2017-12-31 00:00:00,ssp126,Global,1.071106
2018-12-31 00:00:00,ssp126,Global,0.8986206
2019-12-31 00:00:00,ssp126,Global,1.1045227
2020-12-31 00:00:00,ssp126,Global,1.1711731
2021-12-31 00:00:00,ssp126,Global,1.3545532
2022-12-31 00:00:00,ssp126,Global,1.2153931
2023-12-31 00:00:00,ssp126,Global,1.0989075
2024-12-31 00:00:00,ssp126,Global,1.1141052
2025-12-31 00:00:00,ssp126,Global,1.3879395
2026-12-31 00:00:00,ssp126,Global,1.3482056
2027-12-31 00:00:00,ssp126,Global,1.2609863
2028-12-31 00:00:00,ssp126,Global,1.2674866
2029-12-31 00:00:00,ssp126,Global,1.3764648
2030-12-31 00:00:00,ssp126,Global,1.2302246
2031-12-31 00:00:00,ssp126,Global,1.3781738
2032-12-31 00:00:00,ssp126,Global,1.3447266
2033-12-31 00:00:00,ssp126,Global,1.4551392
2034-12-31 00:00:00,ssp126,Global,1.5638428
2035-12-31 00:00:00,ssp126,Global,1.2635193
2036-12-31 00:00:00,ssp126,Global,1.2276001
2037-12-31 00:00:00,ssp126,Global,1.4270325
2038-12-31 00:00:00,ssp126,Global,1.3757935
2039-12-31 00:00:00,ssp126,Global,1.3605042
2040-12-31 00:00:00,ssp126,Global,1.4381714
2041-12-31 00:00:00,ssp126,Global,1.5184937
2042-12-31 00:00:00,ssp126,Global,1.51297
2043-12-31 00:00:00,ssp126,Global,1.5275879
2044-12-31 00:00:00,ssp126,Global,1.3252258
2045-12-31 00:00:00,ssp126,Global,1.4000854
2046-12-31 00:00:00,ssp126,Global,1.5419006
2047-12-31 00:00:00,ssp126,Global,1.4877319
2048-12-31 00:00:00,ssp126,Global,1.3427734
2049-12-31 00:00:00,ssp126,Global,1.5423889
2050-12-31 00:00:00,ssp126,Global,1.4980774
2051-12-31 00:00:00,ssp126,Global,1.4549866
2052-12-31 00:00:00,ssp126,Global,1.5207825
2053-12-31 00:00:00,ssp126,Global,1.4584045
2054-12-31 00:00:00,ssp126,Global,1.4790955
2055-12-31 00:00:00,ssp126,Global,1.6645508
2056-12-31 00:00:00,ssp126,Global,1.6750183
2057-12-31 00:00:00,ssp126,Global,1.5064697
2058-12-31 00:00:00,ssp126,Global,1.3640747
2059-12-31 00:00:00,ssp126,Global,1.3907166
2060-12-31 00:00:00,ssp126,Global,1.644165
2061-12-31 00:00:00,ssp126,Global,1.6698303
2062-12-31 00:00:00,ssp126,Global,1.519989
2063-12-31 00:00:00,ssp126,Global,1.4622192
2064-12-31 00:00:00,ssp126,Global,1.5569458
2065-12-31 00:00:00,ssp126,Global,1.6277466
2066-12-31 00:00:00,ssp126,Global,1.7252197
2067-12-31 00:00:00,ssp126,Global,1.5620728
2068-12-31 00:00:00,ssp126,Global,1.6855469
2069-12-31 00:00:00,ssp126,Global,1.6584473
2070-12-31 00:00:00,ssp126,Global,1.7409363
2071-12-31 00:00:00,ssp126,Global,1.6116028
2072-12-31 00:00:00,ssp126,Global,1.5376587
2073-12-31 00:00:00,ssp126,Global,1.4565125
2074-12-31 00:00:00,ssp126,Global,1.5354309
2075-12-31 00:00:00,ssp126,Global,1.4510803
2076-12-31 00:00:00,ssp126,Global,1.3161316
2077-12-31 00:00:00,ssp126,Global,1.5762024
2078-12-31 00:00:00,ssp126,Global,1.6678467
2079-12-31 00:00:00,ssp126,Global,1.6188965
2080-12-31 00:00:00,ssp126,Global,1.6644897
2081-12-31 00:00:00,ssp126,Global,1.4872742
2082-12-31 00:00:00,ssp126,Global,1.6924744
2083-12-31 00:00:00,ssp126,Global,1.555481
2084-12-31 00:00:00,ssp126,Global,1.4335938
2085-12-31 00:00:00,ssp126,Global,1.4656372
2086-12-31 00:00:00,ssp126,Global,1.6927185
2087-12-31 00:00:00,ssp126,Global,1.5456543
2088-12-31 00:00:00,ssp126,Global,1.7485046
2089-12-31 00:00:00,ssp126,Global,1.5922546
2090-12-31 00:00:00,ssp126,Global,1.6990051
2091-12-31 00:00:00,ssp126,Global,1.5310059
2092-12-31 00:00:00,ssp126,Global,1.6333618
2093-12-31 00:00:00,ssp126,Global,1.5374756
2094-12-31 00:00:00,ssp126,Global,1.6302185
2095-12-31 00:00:00,ssp126,Global,1.1762085
2096-12-31 00:00:00,ssp126,Global,1.3163452
2097-12-31 00:00:00,ssp126,Global,1.7189941
2098-12-31 00:00:00,ssp126,Global,1.4483643
2099-12-31 00:00:00,ssp126,Global,1.4897766
2100-12-31 00:00:00,ssp126,Global,1.4875488
2015-12-31 00:00:00,ssp126,North America,0.35266113
2016-12-31 00:00:00,ssp126,North America,0.9370117
2017-12-31 00:00:00,ssp126,North America,1.1665955
2018-12-31 00:00:00,ssp126,North America,0.4855957
2019-12-31 00:00:00,ssp126,North America,0.90805054
2020-12-31 00:00:00,ssp126,North America,0.93566895
2021-12-31 00:00:00,ssp126,North America,1.4350586
2022-12-31 00:00:00,ssp126,North America,1.1022949
2023-12-31 00:00:00,ssp126,North America,0.68963623
2024-12-31 00:00:00,ssp126,North America,0.9967346
2025-12-31 00:00:00,ssp126,North America,1.2988586
2026-12-31 00:00:00,ssp126,North America,1.2712097
2027-12-31 00:00:00,ssp126,North America,1.1852722
2028-12-31 00:00:00,ssp126,North America,1.4425659
2029-12-31 00:00:00,ssp126,North America,1.5140991
2030-12-31 00:00:00,ssp126,North America,1.6166077
2031-12-31 00:00:00,ssp126,North America,1.5074768
2032-12-31 00:00:00,ssp126,North America,1.3513794
2033-12-31 00:00:00,ssp126,North America,1.4161377
2034-12-31 00:00:00,ssp126,North America,1.7416992
2035-12-31 00:00:00,ssp126,North America,1.1803894
2036-12-31 00:00:00,ssp126,North America,1.2740479
2037-12-31 00:00:00,ssp126,North America,1.7429504
2038-12-31 00:00:00,ssp126,North America,1.8501587
2039-12-31 00:00:00,ssp126,North America,1.684967
2040-12-31 00:00:00,ssp126,North America,1.2216797
2041-12-31 00:00:00,ssp126,North America,1.7130737
2042-12-31 00:00:00,ssp126,North America,1.7717285
2043-12-31 00:00:00,ssp126,North America,1.8061523
2044-12-31 00:00:00,ssp126,North America,1.5098877
2045-12-31 00:00:00,ssp126,North America,1.8397522
2046-12-31 00:00:00,ssp126,North America,1.8522034
2047-12-31 00:00:00,ssp126,North America,1.6781311
2048-12-31 00:00:00,ssp126,North America,1.4989624
2049-12-31 00:00:00,ssp126,North America,1.8394775
2050-12-31 00:00:00,ssp126,North America,1.8124084
2051-12-31 00:00:00,ssp126,North America,1.6502686
2052-12-31 00:00:00,ssp126,North America,1.9787903
2053-12-31 00:00:00,ssp126,North America,1.7333374
2054-12-31 00:00:00,ssp126,North America,1.6721191
2055-12-31 00:00:00,ssp126,North America,1.5433044
2056-12-31 00:00:00,ssp126,North America,1.8245544
2057-12-31 00:00:00,ssp126,North America,1.7467041
2058-12-31 00:00:00,ssp126,North America,1.5899353
2059-12-31 00:00:00,ssp126,North America,1.5163879
2060-12-31 00:00:00,ssp126,North America,1.4647827
2061-12-31 00:00:00,ssp126,North America,1.9152222
2062-12-31 00:00:00,ssp126,North America,1.8383789
2063-12-31 00:00:00,ssp126,North America,1.7067261
2064-12-31 00:00:00,ssp126,North America,1.8639221
2065-12-31 00:00:00,ssp126,North America,1.6894836
2066-12-31 00:00:00,ssp126,North America,1.8793945
2067-12-31 00:00:00,ssp126,North America,1.887146
2068-12-31 00:00:00,ssp126,North America,1.9526978
2069-12-31 00:00:00,ssp126,North America,1.8876648
2070-12-31 00:00:00,ssp126,North America,1.781189
2071-12-31 00:00:00,ssp126,North America,1.6072083
2072-12-31 00:00:00,ssp126,North America,2.0846252
2073-12-31 00:00:00,ssp126,North America,1.9161682
2074-12-31 00:00:00,ssp126,North America,1.9996948
2075-12-31 00:00:00,ssp126,North America,1.7050476
2076-12-31 00:00:00,ssp126,North America,1.3452148
2077-12-31 00:00:00,ssp126,North America,1.7826233
2078-12-31 00:00:00,ssp126,North America,1.7650146
2079-12-31 00:00:00,ssp126,North America,1.9395447
2080-12-31 00:00:00,ssp126,North America,2.0707092
2081-12-31 00:00:00,ssp126,North America,1.4614258
2082-12-31 00:00:00,ssp126,North America,2.2721863
2083-12-31 00:00:00,ssp126,North America,1.9649048
2084-12-31 00:00:00,ssp126,North America,1.6618347
2085-12-31 00:00:00,ssp126,North America,1.3933411
2086-12-31 00:00:00,ssp126,North America,1.6542358
2087-12-31 00:00:00,ssp126,North America,1.6538086
2088-12-31 00:00:00,ssp126,North America,1.7900696
2089-12-31 00:00:00,ssp126,North America,1.9147339
2090-12-31 00:00:00,ssp126,North America,2.0403137
2091-12-31 00:00:00,ssp126,North America,1.9506836
2092-12-31 00:00:00,ssp126,North America,2.0850525
2093-12-31 00:00:00,ssp126,North America,1.8665161
2094-12-31 00:00:00,ssp126,North America,1.7592468
2095-12-31 00:00:00,ssp126,North America,1.258728
2096-12-31 00:00:00,ssp126,North America,1.2932434
2097-12-31 00:00:00,ssp126,North America,2.2479858
2098-12-31 00:00:00,ssp126,North America,1.7677612
2099-12-31 00:00:00,ssp126,North America,1.8599243
2100-12-31 00:00:00,ssp126,North America,1.9201965
2015-12-31 00:00:00,ssp126,South America,0.89849854
2016-12-31 00:00:00,ssp126,South America,1.2575378
2017-12-31 00:00:00,ssp126,South America,1.4538879
2018-12-31 00:00:00,ssp126,South America,0.97994995
2019-12-31 00:00:00,ssp126,South America,1.0713196
2020-12-31 00:00:00,ssp126,South America,1.3736572
2021-12-31 00:00:00,ssp126,South America,1.4528503
2022-12-31 00:00:00,ssp126,South America,1.1540833
2023-12-31 00:00:00,ssp126,South America,0.84872437
2024-12-31 00:00:00,ssp126,South America,0.9614258
2025-12-31 00:00:00,ssp126,South America,1.1311646
2026-12-31 00:00:00,ssp126,South America,1.3653259
2027-12-31 00:00:00,ssp126,South America,1.1842957
2028-12-31 00:00:00,ssp126,South America,1.2449341
2029-12-31 00:00:00,ssp126,South America,1.5516663
2030-12-31 00:00:00,ssp126,South America,1.4880066
2031-12-31 00:00:00,ssp126,South America,1.4741821
2032-12-31 00:00:00,ssp126,South America,1.1185303
2033-12-31 00:00:00,ssp126,South America,1.5978699
2034-12-31 00:00:00,ssp126,South America,1.5778809
2035-12-31 00:00:00,ssp126,South America,1.390686
2036-12-31 00:00:00,ssp126,South America,1.5534058
2037-12-31 00:00:00,ssp126,South America,1.6761475
2038-12-31 00:00:00,ssp126,South America,1.587677
2039-12-31 00:00:00,ssp126,South America,1.2689514
2040-12-31 00:00:00,ssp126,South America,1.111145
2041-12-31 00:00:00,ssp126,South America,1.70047
2042-12-31 00:00:00,ssp126,South America,1.678009
2043-12-31 00:00:00,ssp126,South America,1.4324036
2044-12-31 00:00:00,ssp126,South America,1.3924866
2045-12-31 00:00:00,ssp126,South America,1.458252
2046-12-31 00:00:00,ssp126,South America,1.7734375
2047-12-31 00:00:00,ssp126,South America,1.5614319
2048-12-31 00:00:00,ssp126,South America,1.7381897
2049-12-31 00:00:00,ssp126,South America,1.8344421
2050-12-31 00:00:00,ssp126,South America,1.6208496
2051-12-31 00:00:00,ssp126,South America,1.8326111
2052-12-31 00:00:00,ssp126,South America,1.7244263
2053-12-31 00:00:00,ssp126,South America,1.3627625
2054-12-31 00:00:00,ssp126,South America,1.7213135
2055-12-31 00:00:00,ssp126,South America,2.0221558
2056-12-31 00:00:00,ssp126,South America,1.8044128
2057-12-31 00:00:00,ssp126,South America,1.6859436
2058-12-31 00:00:00,ssp126,South America,1.331604
2059-12-31 00:00:00,ssp126,South America,1.690979
2060-12-31 00:00:00,ssp126,South America,1.7640991
2061-12-31 00:00:00,ssp126,South America,1.9000854
2062-12-31 00:00:00,ssp126,South America,1.6121826
2063-12-31 00:00:00,ssp126,South America,1.5101318
2064-12-31 00:00:00,ssp126,South America,1.3995972
2065-12-31 00:00:00,ssp126,South America,1.4083252
2066-12-31 00:00:00,ssp126,South America,1.7965393
2067-12-31 00:00:00,ssp126,South America,1.6841125
2068-12-31 00:00:00,ssp126,South America,1.7184753
2069-12-31 00:00:00,ssp126,South America,1.8751831
2070-12-31 00:00:00,ssp126,South America,1.6876526
2071-12-31 00:00:00,ssp126,South America,1.5686951
2072-12-31 00:00:00,ssp126,South America,1.4764404
2073-12-31 00:00:00,ssp126,South America,1.3360901
2074-12-31 00:00:00,ssp126,South America,1.375061
2075-12-31 00:00:00,ssp126,South America,1.4135742
2076-12-31 00:00:00,ssp126,South America,1.1679077
2077-12-31 00:00:00,ssp126,South America,1.7181091
2078-12-31 00:00:00,ssp126,South America,2.0421753
2079-12-31 00:00:00,ssp126,South America,1.6184692
2080-12-31 00:00:00,ssp126,South America,1.6421204
2081-12-31 00:00:00,ssp126,South America,1.7761841
2082-12-31 00:00:00,ssp126,South America,1.9513245
2083-12-31 00:00:00,ssp126,South America,1.7007141
2084-12-31 00:00:00,ssp126,South America,1.2879028
2085-12-31 00:00:00,ssp126,South America,1.4267578
2086-12-31 00:00:00,ssp126,South America,1.9145508
2087-12-31 00:00:00,ssp126,South America,1.4671631
2088-12-31 00:00:00,ssp126,South America,1.4185486
2089-12-31 00:00:00,ssp126,South America,1.6711731
2090-12-31 00:00:00,ssp126,South America,1.7061768
2091-12-31 00:00:00,ssp126,South America,1.3504639
2092-12-31 00:00:00,ssp126,South America,1.486206
2093-12-31 00:00:00,ssp126,South America,1.6942444
2094-12-31 00:00:00,ssp126,South America,1.3882751
2095-12-31 00:00:00,ssp126,South America,1.2897949
2096-12-31 00:00:00,ssp126,South America,1.38031
2097-12-31 00:00:00,ssp126,South America,1.8274231
2098-12-31 00:00:00,ssp126,South America,1.6004944
2099-12-31 00:00:00,ssp126,South America,1.6878357
2100-12-31 00:00:00,ssp126,South America,1.6469727
2015-12-31 00:00:00,ssp126,Europe,1.1807251
2016-12-31 00:00:00,ssp126,Europe,1.0870361
2017-12-31 00:00:00,ssp126,Europe,0.0008239746
2018-12-31 00:00:00,ssp126,Europe,0.4036255
2019-12-31 00:00:00,ssp126,Europe,0.82696533
2020-12-31 00:00:00,ssp126,Europe,1.437561
2021-12-31 00:00:00,ssp126,Europe,0.8371582
2022-12-31 00:00:00,ssp126,Europe,1.3132629
2023-12-31 00:00:00,ssp126,Europe,1.6549988
2024-12-31 00:00:00,ssp126,Europe,1.8674622
2025-12-31 00:00:00,ssp126,Europe,1.900177
2026-12-31 00:00:00,ssp126,Europe,0.68899536
2027-12-31 00:00:00,ssp126,Europe,0.6685486
2028-12-31 00:00:00,ssp126,Europe,1.1300354
2029-12-31 00:00:00,ssp126,Europe,1.3998718
2030-12-31 00:00:00,ssp126,Europe,1.649292
2031-12-31 00:00:00,ssp126,Europe,1.5497742
2032-12-31 00:00:00,ssp126,Europe,1.2785034
2033-12-31 00:00:00,ssp126,Europe,0.73187256
2034-12-31 00:00:00,ssp126,Europe,1.282074
2035-12-31 00:00:00,ssp126,Europe,0.73880005
2036-12-31 00:00:00,ssp126,Europe,0.43399048
2037-12-31 00:00:00,ssp126,Europe,0.9610901
2038-12-31 00:00:00,ssp126,Europe,1.1621704
2039-12-31 00:00:00,ssp126,Europe,0.16012573
2040-12-31 00:00:00,ssp126,Europe,0.94369507
2041-12-31 00:00:00,ssp126,Europe,1.4312134
2042-12-31 00:00:00,ssp126,Europe,0.41952515
2043-12-31 00:00:00,ssp126,Europe,0.5041199
2044-12-31 00:00:00,ssp126,Europe,0.5960388
2045-12-31 00:00:00,ssp126,Europe,0.69137573
2046-12-31 00:00:00,ssp126,Europe,0.82092285
2047-12-31 00:00:00,ssp126,Europe,1.1126709
2048-12-31 00:00:00,ssp126,Europe,0.4139099
2049-12-31 00:00:00,ssp126,Europe,1.6213074
2050-12-31 00:00:00,ssp126,Europe,1.1490784
2051-12-31 00:00:00,ssp126,Europe,0.5241394
2052-12-31 00:00:00,ssp126,Europe,1.8003235
2053-12-31 00:00:00,ssp126,Europe,1.2321472
2054-12-31 00:00:00,ssp126,Europe,1.3512268
2055-12-31 00:00:00,ssp126,Europe,1.8206482
2056-12-31 00:00:00,ssp126,Europe,1.8204956
2057-12-31 00:00:00,ssp126,Europe,1.3937988
2058-12-31 00:00:00,ssp126,Europe,1.7896729
2059-12-31 00:00:00,ssp126,Europe,1.9901123
2060-12-31 00:00:00,ssp126,Europe,1.6682739
2061-12-31 00:00:00,ssp126,Europe,1.224823
2062-12-31 00:00:00,ssp126,Europe,1.0417786
2063-12-31 00:00:00,ssp126,Europe,1.6028137
2064-12-31 00:00:00,ssp126,Europe,1.8337402
2065-12-31 00:00:00,ssp126,Europe,0.82333374
2066-12-31 00:00:00,ssp126,Europe,1.4107666
2067-12-31 00:00:00,ssp126,Europe,1.2046204
2068-12-31 00:00:00,ssp126,Europe,1.8340454
2069-12-31 00:00:00,ssp126,Europe,1.2550049
2070-12-31 00:00:00,ssp126,Europe,1.2119751
2071-12-31 00:00:00,ssp126,Europe,1.272644
2072-12-31 00:00:00,ssp126,Europe,0.842041
2073-12-31 00:00:00,ssp126,Europe,1.1490784
2074-12-31 00:00:00,ssp126,Europe,1.2521667
2075-12-31 00:00:00,ssp126,Europe,1.8880615
2076-12-31 00:00:00,ssp126,Europe,1.7286377
2077-12-31 00:00:00,ssp126,Europe,1.3223267
2078-12-31 00:00:00,ssp126,Europe,1.1880493
2079-12-31 00:00:00,ssp126,Europe,0.8458252
2080-12-31 00:00:00,ssp126,Europe,0.96832275
2081-12-31 00:00:00,ssp126,Europe,0.7854614
2082-12-31 00:00:00,ssp126,Europe,1.1548462
2083-12-31 00:00:00,ssp126,Europe,0.96932983
2084-12-31 00:00:00,ssp126,Europe,1.0700684
2085-12-31 00:00:00,ssp126,Europe,1.6296692
2086-12-31 00:00:00,ssp126,Europe,1.2928772
2087-12-31 00:00:00,ssp126,Europe,1.4413757
2088-12-31 00:00:00,ssp126,Europe,0.89630127
2089-12-31 00:00:00,ssp126,Europe,1.9276428
2090-12-31 00:00:00,ssp126,Europe,0.9614563
2091-12-31 00:00:00,ssp126,Europe,1.1828308
2092-12-31 00:00:00,ssp126,Europe,1.6473999
2093-12-31 00:00:00,ssp126,Europe,1.1903381
2094-12-31 00:00:00,ssp126,Europe,1.3040161
2095-12-31 00:00:00,ssp126,Europe,0.571167
2096-12-31 00:00:00,ssp126,Europe,0.9828491
2097-12-31 00:00:00,ssp126,Europe,0.6282654
2098-12-31 00:00:00,ssp126,Europe,0.50268555
2099-12-31 00:00:00,ssp126,Europe,0.6677246
2100-12-31 00:00:00,ssp126,Europe,0.18609619
2015-12-31 00:00:00,ssp126,Africa,0.9316101
2016-12-31 00:00:00,ssp126,Africa,0.9416199
2017-12-31 00:00:00,ssp126,Africa,1.2986755
2018-12-31 00:00:00,ssp126,Africa,1.1471863
2019-12-31 00:00:00,ssp126,Africa,1.0275574
2020-12-31 00:00:00,ssp126,Africa,1.4445496
2021-12-31 00:00:00,ssp126,Africa,1.7167053
2022-12-31 00:00:00,ssp126,Africa,1.2913208
2023-12-31 00:00:00,ssp126,Africa,1.3101807
2024-12-31 00:00:00,ssp126,Africa,1.4434509
2025-12-31 00:00:00,ssp126,Africa,1.4775696
2026-12-31 00:00:00,ssp126,Africa,1.5813293
2027-12-31 00:00:00,ssp126,Africa,1.2930603
2028-12-31 00:00:00,ssp126,Africa,1.3010559
2029-12-31 00:00:00,ssp126,Africa,1.4949646
2030-12-31 00:00:00,ssp126,Africa,1.4489441
2031-12-31 00:00:00,ssp126,Africa,1.6239319
2032-12-31 00:00:00,ssp126,Africa,1.2850647
2033-12-31 00:00:00,ssp126,Africa,1.8303223
2034-12-31 00:00:00,ssp126,Africa,1.6348572
2035-12-31 00:00:00,ssp126,Africa,1.3215332
2036-12-31 00:00:00,ssp126,Africa,1.3952942
2037-12-31 00:00:00,ssp126,Africa,1.7247314
2038-12-31 00:00:00,ssp126,Africa,1.4514465
2039-12-31 00:00:00,ssp126,Africa,1.6885986
2040-12-31 00:00:00,ssp126,Africa,1.3018188
2041-12-31 00:00:00,ssp126,Africa,1.5558167
2042-12-31 00:00:00,ssp126,Africa,1.7593689
2043-12-31 00:00:00,ssp126,Africa,1.894989
2044-12-31 00:00:00,ssp126,Africa,1.5285034
2045-12-31 00:00:00,ssp126,Africa,1.6624451
2046-12-31 00:00:00,ssp126,Africa,1.7058105
2047-12-31 00:00:00,ssp126,Africa,1.6759949
2048-12-31 00:00:00,ssp126,Africa,1.7279053
2049-12-31 00:00:00,ssp126,Africa,1.7661743
2050-12-31 00:00:00,ssp126,Africa,1.6275635
2051-12-31 00:00:00,ssp126,Africa,1.9637756
2052-12-31 00:00:00,ssp126,Africa,1.6057129
2053-12-31 00:00:00,ssp126,Africa,1.56781
2054-12-31 00:00:00,ssp126,Africa,1.8570251
2055-12-31 00:00:00,ssp126,Africa,1.7359009
2056-12-31 00:00:00,ssp126,Africa,1.6284485
2057-12-31 00:00:00,ssp126,Africa,1.776886
2058-12-31 00:00:00,ssp126,Africa,1.354187
2059-12-31 00:00:00,ssp126,Africa,1.4334717
2060-12-31 00:00:00,ssp126,Africa,1.7315369
2061-12-31 00:00:00,ssp126,Africa,1.9350891
2062-12-31 00:00:00,ssp126,Africa,1.593689
2063-12-31 00:00:00,ssp126,Africa,1.6229248
2064-12-31 00:00:00,ssp126,Africa,1.5352783
2065-12-31 00:00:00,ssp126,Africa,1.6555481
2066-12-31 00:00:00,ssp126,Africa,1.6354065
2067-12-31 00:00:00,ssp126,Africa,1.5810242
2068-12-31 00:00:00,ssp126,Africa,1.6956177
2069-12-31 00:00:00,ssp126,Africa,1.9837341
2070-12-31 00:00:00,ssp126,Africa,1.7702637
2071-12-31 00:00:00,ssp126,Africa,1.5881958
2072-12-31 00:00:00,ssp126,Africa,1.6314087
2073-12-31 00:00:00,ssp126,Africa,1.6629944
2074-12-31 00:00:00,ssp126,Africa,1.6457214
2075-12-31 00:00:00,ssp126,Africa,1.5759277
2076-12-31 00:00:00,ssp126,Africa,1.3592529
2077-12-31 00:00:00,ssp126,Africa,1.7615967
2078-12-31 00:00:00,ssp126,Africa,2.1261902
2079-12-31 00:00:00,ssp126,Africa,1.4103394
2080-12-31 00:00:00,ssp126,Africa,1.7467041
2081-12-31 00:00:00,ssp126,Africa,1.5200195
2082-12-31 00:00:00,ssp126,Africa,2.0571594
2083-12-31 00:00:00,ssp126,Africa,1.9533081
2084-12-31 00:00:00,ssp126,Africa,1.6257935
2085-12-31 00:00:00,ssp126,Africa,1.4907227
2086-12-31 00:00:00,ssp126,Africa,1.8690491
2087-12-31 00:00:00,ssp126,Africa,1.6104126
2088-12-31 00:00:00,ssp126,Africa,1.4295349
2089-12-31 00:00:00,ssp126,Africa,1.6585693
2090-12-31 00:00:00,ssp126,Africa,1.7590332
2091-12-31 00:00:00,ssp126,Africa,1.651825
2092-12-31 00:00:00,ssp126,Africa,1.3212585
2093-12-31 00:00:00,ssp126,Africa,1.5436096
2094-12-31 00:00:00,ssp126,Africa,1.2985535
2095-12-31 00:00:00,ssp126,Africa,1.4494934
2096-12-31 00:00:00,ssp126,Africa,1.2778625
2097-12-31 00:00:00,ssp126,Africa,1.6295776
2098-12-31 00:00:00,ssp126,Africa,1.6674805
2099-12-31 00:00:00,ssp126,Africa,1.6376343
2100-12-31 00:00:00,ssp126,Africa,1.7295837
2015-12-31 00:00:00,ssp126,Asia,0.94744873
2016-12-31 00:00:00,ssp126,Asia,0.80236816
2017-12-31 00:00:00,ssp126,Asia,0.37109375
2018-12-31 00:00:00,ssp126,Asia,0.5886841
2019-12-31 00:00:00,ssp126,Asia,0.9350281
2020-12-31 00:00:00,ssp126,Asia,1.385498
2021-12-31 00:00:00,ssp126,Asia,1.1416626
2022-12-31 00:00:00,ssp126,Asia,1.2893677
2023-12-31 00:00:00,ssp126,Asia,1.6087036
2024-12-31 00:00:00,ssp126,Asia,1.3096619
2025-12-31 00:00:00,ssp126,Asia,1.5911255
2026-12-31 00:00:00,ssp126,Asia,1.1514587
2027-12-31 00:00:00,ssp126,Asia,1.3727112
2028-12-31 00:00:00,ssp126,Asia,1.3312988
2029-12-31 00:00:00,ssp126,Asia,1.5146484
2030-12-31 00:00:00,ssp126,Asia,1.4743347
2031-12-31 00:00:00,ssp126,Asia,1.3006897
2032-12-31 00:00:00,ssp126,Asia,1.5914917
2033-12-31 00:00:00,ssp126,Asia,1.617157
2034-12-31 00:00:00,ssp126,Asia,1.3956909
2035-12-31 00:00:00,ssp126,Asia,1.414978
2036-12-31 00:00:00,ssp126,Asia,1.3778992
2037-12-31 00:00:00,ssp126,Asia,1.4594421
2038-12-31 00:00:00,ssp126,Asia,1.2709961
2039-12-31 00:00:00,ssp126,Asia,1.544281
2040-12-31 00:00:00,ssp126,Asia,1.6585693
2041-12-31 00:00:00,ssp126,Asia,1.802063
2042-12-31 00:00:00,ssp126,Asia,1.3943787
2043-12-31 00:00:00,ssp126,Asia,1.6530457
2044-12-31 00:00:00,ssp126,Asia,1.6213684
2045-12-31 00:00:00,ssp126,Asia,1.234314
2046-12-31 00:00:00,ssp126,Asia,1.4895325
2047-12-31 00:00:00,ssp126,Asia,1.5438232
2048-12-31 00:00:00,ssp126,Asia,1.3578796
2049-12-31 00:00:00,ssp126,Asia,1.7086487
2050-12-31 00:00:00,ssp126,Asia,1.5699463
2051-12-31 00:00:00,ssp126,Asia,1.173706
2052-12-31 00:00:00,ssp126,Asia,1.1877747
2053-12-31 00:00:00,ssp126,Asia,1.2112122
2054-12-31 00:00:00,ssp126,Asia,1.2926025
2055-12-31 00:00:00,ssp126,Asia,1.8012085
2056-12-31 00:00:00,ssp126,Asia,2.031128
2057-12-31 00:00:00,ssp126,Asia,1.4872131
2058-12-31 00:00:00,ssp126,Asia,1.8569031
2059-12-31 00:00:00,ssp126,Asia,1.722992
2060-12-31 00:00:00,ssp126,Asia,2.0270996
2061-12-31 00:00:00,ssp126,Asia,1.8852844
2062-12-31 00:00:00,ssp126,Asia,1.7435608
2063-12-31 00:00:00,ssp126,Asia,2.019104
2064-12-31 00:00:00,ssp126,Asia,1.873169
2065-12-31 00:00:00,ssp126,Asia,1.6637878
2066-12-31 00:00:00,ssp126,Asia,1.7485962
2067-12-31 00:00:00,ssp126,Asia,1.6838074
2068-12-31 00:00:00,ssp126,Asia,1.8934937
2069-12-31 00:00:00,ssp126,Asia,1.6249695
2070-12-31 00:00:00,ssp126,Asia,1.6118164
2071-12-31 00:00:00,ssp126,Asia,1.5908508
2072-12-31 00:00:00,ssp126,Asia,1.8087463
2073-12-31 00:00:00,ssp126,Asia,1.7473145
2074-12-31 00:00:00,ssp126,Asia,1.7254944
2075-12-31 00:00:00,ssp126,Asia,1.7062073
2076-12-31 00:00:00,ssp126,Asia,1.6885376
2077-12-31 00:00:00,ssp126,Asia,1.7575073
2078-12-31 00:00:00,ssp126,Asia,2.039093
2079-12-31 00:00:00,ssp126,Asia,1.8540039
2080-12-31 00:00:00,ssp126,Asia,1.792633
2081-12-31 00:00:00,ssp126,Asia,1.4354248
2082-12-31 00:00:00,ssp126,Asia,1.561554
2083-12-31 00:00:00,ssp126,Asia,1.6180115
2084-12-31 00:00:00,ssp126,Asia,1.7393188
2085-12-31 00:00:00,ssp126,Asia,1.8771973
2086-12-31 00:00:00,ssp126,Asia,1.6646729
2087-12-31 00:00:00,ssp126,Asia,1.9512329
2088-12-31 00:00:00,ssp126,Asia,1.6934814
2089-12-31 00:00:00,ssp126,Asia,1.8794861
2090-12-31 00:00:00,ssp126,Asia,1.5672302
2091-12-31 00:00:00,ssp126,Asia,1.7015381
2092-12-31 00:00:00,ssp126,Asia,1.7332458
2093-12-31 00:00:00,ssp126,Asia,1.8432617
2094-12-31 00:00:00,ssp126,Asia,1.7546692
2095-12-31 00:00:00,ssp126,Asia,1.4704895
2096-12-31 00:00:00,ssp126,Asia,1.4499207
2097-12-31 00:00:00,ssp126,Asia,1.6579895
2098-12-31 00:00:00,ssp126,Asia,1.3463745
2099-12-31 00:00:00,ssp126,Asia,1.2527466
2100-12-31 00:00:00,ssp126,Asia,0.9876709
2015-12-31 00:00:00,ssp245,Global,0.47305298
2016-12-31 00:00:00,ssp245,Global,0.4871521
2017-12-31 00:00:00,ssp245,Global,0.42312622
2018-12-31 00:00:00,ssp245,Global,0.5274048
2019-12-31 00:00:00,ssp245,Global,0.5811157
2020-12-31 00:00:00,ssp245,Global,0.42141724
2021-12-31 00:00:00,ssp245,Global,0.58236694
2022-12-31 00:00:00,ssp245,Global,0.620697
2023-12-31 00:00:00,ssp245,Global,0.74801636
2024-12-31 00:00:00,ssp245,Global,0.7676697
2025-12-31 00:00:00,ssp245,Global,0.88952637
2026-12-31 00:00:00,ssp245,Global,0.92819214
2027-12-31 00:00:00,ssp245,Global,0.966156
2028-12-31 00:00:00,ssp245,Global,0.8689575
2029-12-31 00:00:00,ssp245,Global,1.0202332
2030-12-31 00:00:00,ssp245,Global,1.0974731
2031-12-31 00:00:00,ssp245,Global,0.89920044
2032-12-31 00:00:00,ssp245,Global,0.9633179
2033-12-31 00:00:00,ssp245,Global,0.99749756
2034-12-31 00:00:00,ssp245,Global,1.0640564
2035-12-31 00:00:00,ssp245,Global,1.0331726
2036-12-31 00:00:00,ssp245,Global,1.2861633
2037-12-31 00:00:00,ssp245,Global,1.2404785
2038-12-31 00:00:00,ssp245,Global,1.237793
2039-12-31 00:00:00,ssp245,Global,1.2120361
2040-12-31 00:00:00,ssp245,Global,1.4833069
2041-12-31 00:00:00,ssp245,Global,1.2377625
2042-12-31 00:00:00,ssp245,Global,1.2250671
2043-12-31 00:00:00,ssp245,Global,1.3146973
2044-12-31 00:00:00,ssp245,Global,1.4291382
2045-12-31 00:00:00,ssp245,Global,1.5089722
2046-12-31 00:00:00,ssp245,Global,1.776825
2047-12-31 00:00:00,ssp245,Global,1.5412292
2048-12-31 00:00:00,ssp245,Global,1.679779
2049-12-31 00:00:00,ssp245,Global,1.8212891
2050-12-31 00:00:00,ssp245,Global,1.758728
2051-12-31 00:00:00,ssp245,Global,1.8039551
2052-12-31 00:00:00,ssp245,Global,1.8663025
2053-12-31 00:00:00,ssp245,Global,1.6103516
2054-12-31 00:00:00,ssp245,Global,1.6847534
2055-12-31 00:00:00,ssp245,Global,1.7584839
2056-12-31 00:00:00,ssp245,Global,1.552185
2057-12-31 00:00:00,ssp245,Global,1.7278748
2058-12-31 00:00:00,ssp245,Global,1.8713074
2059-12-31 00:00:00,ssp245,Global,1.7857971
2060-12-31 00:00:00,ssp245,Global,1.8885498
2061-12-31 00:00:00,ssp245,Global,2.0419006
2062-12-31 00:00:00,ssp245,Global,2.0352783
2063-12-31 00:00:00,ssp245,Global,1.790741
2064-12-31 00:00:00,ssp245,Global,2.0915833
2065-12-31 00:00:00,ssp245,Global,2.145813
2066-12-31 00:00:00,ssp245,Global,2.178131
2067-12-31 00:00:00,ssp245,Global,1.929657
2068-12-31 00:00:00,ssp245,Global,2.0003662
2069-12-31 00:00:00,ssp245,Global,2.1854248
2070-12-31 00:00:00,ssp245,Global,2.1983643
2071-12-31 00:00:00,ssp245,Global,2.2346802
2072-12-31 00:00:00,ssp245,Global,2.3754272
2073-12-31 00:00:00,ssp245,Global,2.4162598
2074-12-31 00:00:00,ssp245,Global,2.199524
2075-12-31 00:00:00,ssp245,Global,2.1964722
2076-12-31 00:00:00,ssp245,Global,2.36615
2077-12-31 00:00:00,ssp245,Global,2.3912048
2078-12-31 00:00:00,ssp245,Global,2.6799927
2079-12-31 00:00:00,ssp245,Global,2.4843445
2080-12-31 00:00:00,ssp245,Global,2.3450623
2081-12-31 00:00:00,ssp245,Global,2.2330627
2082-12-31 00:00:00,ssp245,Global,2.4302979
2083-12-31 00:00:00,ssp245,Global,2.365387
2084-12-31 00:00:00,ssp245,Global,2.8286438
2085-12-31 00:00:00,ssp245,Global,2.906067
2086-12-31 00:00:00,ssp245,Global,2.4324646
2087-12-31 00:00:00,ssp245,Global,2.7001343
2088-12-31 00:00:00,ssp245,Global,2.9050598
2089-12-31 00:00:00,ssp245,Global,2.7245483
2090-12-31 00:00:00,ssp245,Global,2.741394
2091-12-31 00:00:00,ssp245,Global,2.8960876
2092-12-31 00:00:00,ssp245,Global,2.9116821
2093-12-31 00:00:00,ssp245,Global,2.6636963
2094-12-31 00:00:00,ssp245,Global,2.7416077
2095-12-31 00:00:00,ssp245,Global,3.0064697
2096-12-31 00:00:00,ssp245,Global,2.8756409
2097-12-31 00:00:00,ssp245,Global,2.9451904
2098-12-31 00:00:00,ssp245,Global,3.0126038
2099-12-31 00:00:00,ssp245,Global,3.0784607
2100-12-31 00:00:00,ssp245,Global,3.092804
2015-12-31 00:00:00,ssp245,North America,0.28051758
2016-12-31 00:00:00,ssp245,North America,0.37802124
2017-12-31 00:00:00,ssp245,North America,0.09927368
2018-12-31 00:00:00,ssp245,North America,0.39501953
2019-12-31 00:00:00,ssp245,North America,0.39816284
2020-12-31 00:00:00,ssp245,North America,0.13446045
2021-12-31 00:00:00,ssp245,North America,0.21115112
2022-12-31 00:00:00,ssp245,North America,0.8380127
2023-12-31 00:00:00,ssp245,North America,1.0238647
2024-12-31 00:00:00,ssp245,North America,0.8187561
2025-12-31 00:00:00,ssp245,North America,0.88479614
2026-12-31 00:00:00,ssp245,North America,0.7831421
2027-12-31 00:00:00,ssp245,North America,0.5731201
2028-12-31 00:00:00,ssp245,North America,0.5211487
2029-12-31 00:00:00,ssp245,North America,0.79681396
2030-12-31 00:00:00,ssp245,North America,1.2388611
2031-12-31 00:00:00,ssp245,North America,0.78512573
2032-12-31 00:00:00,ssp245,North America,0.7753601
2033-12-31 00:00:00,ssp245,North America,0.5203552
2034-12-31 00:00:00,ssp245,North America,0.98184204
2035-12-31 00:00:00,ssp245,North America,1.2835999
2036-12-31 00:00:00,ssp245,North America,1.3097229
2037-12-31 00:00:00,ssp245,North America,1.3612671
2038-12-31 00:00:00,ssp245,North America,1.2662659
2039-12-31 00:00:00,ssp245,North America,1.383667
2040-12-31 00:00:00,ssp245,North America,1.6790771
2041-12-31 00:00:00,ssp245,North America,1.392395
2042-12-31 00:00:00,ssp245,North America,1.4266357
2043-12-31 00:00:00,ssp245,North America,1.614624
2044-12-31 00:00:00,ssp245,North America,1.299469
2045-12-31 00:00:00,ssp245,North America,1.7112427
2046-12-31 00:00:00,ssp245,North America,2.0351562
2047-12-31 00:00:00,ssp245,North America,1.3318481
2048-12-31 00:00:00,ssp245,North America,1.4904785
2049-12-31 00:00:00,ssp245,North America,1.9855347
2050-12-31 00:00:00,ssp245,North America,1.7966614
2051-12-31 00:00:00,ssp245,North America,1.8231201
2052-12-31 00:00:00,ssp245,North America,2.1780396
2053-12-31 00:00:00,ssp245,North America,1.737854
2054-12-31 00:00:00,ssp245,North America,1.9767456
2055-12-31 00:00:00,ssp245,North America,1.9656982
2056-12-31 00:00:00,ssp245,North America,1.28302
2057-12-31 00:00:00,ssp245,North America,1.6014404
2058-12-31 00:00:00,ssp245,North America,2.1190186
2059-12-31 00:00:00,ssp245,North America,1.8960571
2060-12-31 00:00:00,ssp245,North America,2.0739136
2061-12-31 00:00:00,ssp245,North America,2.4492798
2062-12-31 00:00:00,ssp245,North America,2.5168762
2063-12-31 00:00:00,ssp245,North America,2.138031
2064-12-31 00:00:00,ssp245,North America,2.7407837
2065-12-31 00:00:00,ssp245,North America,2.5239868
2066-12-31 00:00:00,ssp245,North America,2.7391052
2067-12-31 00:00:00,ssp245,North America,2.1891174
2068-12-31 00:00:00,ssp245,North America,2.450714
2069-12-31 00:00:00,ssp245,North America,2.618042
2070-12-31 00:00:00,ssp245,North America,2.8685303
2071-12-31 00:00:00,ssp245,North America,2.7336426
2072-12-31 00:00:00,ssp245,North America,3.0825806
2073-12-31 00:00:00,ssp245,North America,3.0578308
2074-12-31 00:00:00,ssp245,North America,2.5233154
2075-12-31 00:00:00,ssp245,North America,2.9147034
2076-12-31 00:00:00,ssp245,North America,2.887146
2077-12-31 00:00:00,ssp245,North America,2.70578
2078-12-31 00:00:00,ssp245,North America,3.0690613
2079-12-31 00:00:00,ssp245,North America,2.8319702
2080-12-31 00:00:00,ssp245,North America,2.8478394
2081-12-31 00:00:00,ssp245,North America,2.4898376
2082-12-31 00:00:00,ssp245,North America,2.788269
2083-12-31 00:00:00,ssp245,North America,2.8884583
2084-12-31 00:00:00,ssp245,North America,3.3781128
2085-12-31 00:00:00,ssp245,North America,3.3684998
2086-12-31 00:00:00,ssp245,North America,3.0761719
2087-12-31 00:00:00,ssp245,North America,2.9709473
2088-12-31 00:00:00,ssp245,North America,3.4880066
2089-12-31 00:00:00,ssp245,North America,3.2121277
2090-12-31 00:00:00,ssp245,North America,3.2384644
2091-12-31 00:00:00,ssp245,North America,3.7511597
2092-12-31 00:00:00,ssp245,North America,3.942749
2093-12-31 00:00:00,ssp245,North America,3.3731384
2094-12-31 00:00:00,ssp245,North America,3.432129
2095-12-31 00:00:00,ssp245,North America,3.4199219
2096-12-31 00:00:00,ssp245,North America,3.5404358
2097-12-31 00:00:00,ssp245,North America,3.727234
2098-12-31 00:00:00,ssp245,North America,3.6082764
2099-12-31 00:00:00,ssp245,North America,3.546875
2100-12-31 00:00:00,ssp245,North America,3.3918457
2015-12-31 00:00:00,ssp245,South America,0.66030884
2016-12-31 00:00:00,ssp245,South America,0.533905
2017-12-31 00:00:00,ssp245,South America,0.27197266
2018-12-31 00:00:00,ssp245,South America,0.46759033
2019-12-31 00:00:00,ssp245,South America,0.29406738
2020-12-31 00:00:00,ssp245,South America,0.6318054
2021-12-31 00:00:00,ssp245,South America,0.6784973
2022-12-31 00:00:00,ssp245,South America,0.85876465
2023-12-31 00:00:00,ssp245,South America,0.68182373
2024-12-31 00:00:00,ssp245,South America,0.7432251
2025-12-31 00:00:00,ssp245,South America,0.90704346
2026-12-31 00:00:00,ssp245,South America,0.932251
2027-12-31 00:00:00,ssp245,South America,0.6951904
2028-12-31 00:00:00,ssp245,South America,1.0280457
2029-12-31 00:00:00,ssp245,South America,1.0245972
2030-12-31 00:00:00,ssp245,South America,1.1006775
2031-12-31 00:00:00,ssp245,South America,0.99209595
2032-12-31 00:00:00,ssp245,South America,0.711853
2033-12-31 00:00:00,ssp245,South America,0.59103394
2034-12-31 00:00:00,ssp245,South America,0.87701416
2035-12-31 00:00:00,ssp245,South America,0.96884155
2036-12-31 00:00:00,ssp245,South America,1.1435242
2037-12-31 00:00:00,ssp245,South America,1.0559082
2038-12-31 00:00:00,ssp245,South America,1.2190247
2039-12-31 00:00:00,ssp245,South America,0.9658203
2040-12-31 00:00:00,ssp245,South America,0.9763489
2041-12-31 00:00:00,ssp245,South America,1.2773438
2042-12-31 00:00:00,ssp245,South America,0.9732666
2043-12-31 00:00:00,ssp245,South America,1.2705078
2044-12-31 00:00:00,ssp245,South America,0.97039795
2045-12-31 00:00:00,ssp245,South America,1.2754822
2046-12-31 00:00:00,ssp245,South America,1.3798218
2047-12-31 00:00:00,ssp245,South America,1.2232056
2048-12-31 00:00:00,ssp245,South America,1.5924988
2049-12-31 00:00:00,ssp245,South America,1.630249
2050-12-31 00:00:00,ssp245,South America,1.4636841
2051-12-31 00:00:00,ssp245,South America,1.5766907
2052-12-31 00:00:00,ssp245,South America,1.7207642
2053-12-31 00:00:00,ssp245,South America,1.3631897
2054-12-31 00:00:00,ssp245,South America,1.4882202
2055-12-31 00:00:00,ssp245,South America,1.6315613
2056-12-31 00:00:00,ssp245,South America,1.4051514
2057-12-31 00:00:00,ssp245,South America,1.6600952
2058-12-31 00:00:00,ssp245,South America,1.8656006
2059-12-31 00:00:00,ssp245,South America,1.3272705
2060-12-31 00:00:00,ssp245,South America,1.7076416
2061-12-31 00:00:00,ssp245,South America,1.8442383
2062-12-31 00:00:00,ssp245,South America,1.7347717
2063-12-31 00:00:00,ssp245,South America,1.5782471
2064-12-31 00:00:00,ssp245,South America,1.6129761
2065-12-31 00:00:00,ssp245,South America,1.8521118
2066-12-31 00:00:00,ssp245,South America,1.8026123
2067-12-31 00:00:00,ssp245,South America,1.6807251
2068-12-31 00:00:00,ssp245,South America,1.5365295
2069-12-31 00:00:00,ssp245,South America,1.6298218
2070-12-31 00:00:00,ssp245,South America,1.7884827
2071-12-31 00:00:00,ssp245,South America,1.8134766
2072-12-31 00:00:00,ssp245,South America,1.9649963
2073-12-31 00:00:00,ssp245,South America,2.0184937
2074-12-31 00:00:00,ssp245,South America,1.6812134
2075-12-31 00:00:00,ssp245,South America,1.9047852
2076-12-31 00:00:00,ssp245,South America,1.9751282
2077-12-31 00:00:00,ssp245,South America,1.8603821
2078-12-31 00:00:00,ssp245,South America,2.3616333
2079-12-31 00:00:00,ssp245,South America,1.8255005
2080-12-31 00:00:00,ssp245,South America,1.814148
2081-12-31 00:00:00,ssp245,South America,1.6374207
2082-12-31 00:00:00,ssp245,South America,1.6106262
2083-12-31 00:00:00,ssp245,South America,1.9179688
2084-12-31 00:00:00,ssp245,South America,2.238922
2085-12-31 00:00:00,ssp245,South America,2.473053
2086-12-31 00:00:00,ssp245,South America,1.6401672
2087-12-31 00:00:00,ssp245,South America,2.2747192
2088-12-31 00:00:00,ssp245,South America,2.3808594
2089-12-31 00:00:00,ssp245,South America,2.2041016
2090-12-31 00:00:00,ssp245,South America,1.9986572
2091-12-31 00:00:00,ssp245,South America,2.4717407
2092-12-31 00:00:00,ssp245,South America,2.3720093
2093-12-31 00:00:00,ssp245,South America,2.1103516
2094-12-31 00:00:00,ssp245,South America,2.167328
2095-12-31 00:00:00,ssp245,South America,2.3888855
2096-12-31 00:00:00,ssp245,South America,2.4565125
2097-12-31 00:00:00,ssp245,South America,2.2225647
2098-12-31 00:00:00,ssp245,South America,2.182129
2099-12-31 00:00:00,ssp245,South America,2.16214
2100-12-31 00:00:00,ssp245,South America,2.0653687
2015-12-31 00:00:00,ssp245,Europe,1.228363
2016-12-31 00:00:00,ssp245,Europe,0.8940735
2017-12-31 00:00:00,ssp245,Europe,-0.11312866
2018-12-31 00:00:00,ssp245,Europe,1.2220764
2019-12-31 00:00:00,ssp245,Europe,0.51434326
2020-12-31 00:00:00,ssp245,Europe,0.7356262
2021-12-31 00:00:00,ssp245,Europe,0.89553833
2022-12-31 00:00:00,ssp245,Europe,0.71395874
2023-12-31 00:00:00,ssp245,Europe,0.9494934
2024-12-31 00:00:00,ssp245,Europe,0.50982666
2025-12-31 00:00:00,ssp245,Europe,0.87750244
2026-12-31 00:00:00,ssp245,Europe,0.6665039
2027-12-31 00:00:00,ssp245,Europe,1.7727661
2028-12-31 00:00:00,ssp245,Europe,1.1681824
2029-12-31 00:00:00,ssp245,Europe,1.2846375
2030-12-31 00:00:00,ssp245,Europe,1.6965637
2031-12-31 00:00:00,ssp245,Europe,0.42492676
2032-12-31 00:00:00,ssp245,Europe,1.3963928
2033-12-31 00:00:00,ssp245,Europe,1.8096924
2034-12-31 00:00:00,ssp245,Europe,1.4459534
2035-12-31 00:00:00,ssp245,Europe,1.9440918
2036-12-31 00:00:00,ssp245,Europe,1.2640381
2037-12-31 00:00:00,ssp245,Europe,1.3511047
2038-12-31 00:00:00,ssp245,Europe,1.7041321
2039-12-31 00:00:00,ssp245,Europe,1.7129517
2040-12-31 00:00:00,ssp245,Europe,1.6826782
2041-12-31 00:00:00,ssp245,Europe,2.047882
2042-12-31 00:00:00,ssp245,Europe,1.7093811
2043-12-31 00:00:00,ssp245,Europe,1.6095581
2044-12-31 00:00:00,ssp245,Europe,2.193451
2045-12-31 00:00:00,ssp245,Europe,1.9364929
2046-12-31 00:00:00,ssp245,Europe,1.181488
2047-12-31 00:00:00,ssp245,Europe,2.1363525
2048-12-31 00:00:00,ssp245,Europe,1.8138123
2049-12-31 00:00:00,ssp245,Europe,1.7911377
2050-12-31 00:00:00,ssp245,Europe,2.0006409
2051-12-31 00:00:00,ssp245,Europe,2.3953857
2052-12-31 00:00:00,ssp245,Europe,1.8972473
2053-12-31 00:00:00,ssp245,Europe,2.4673462
2054-12-31 00:00:00,ssp245,Europe,2.4638062
2055-12-31 00:00:00,ssp245,Europe,1.4596863
2056-12-31 00:00:00,ssp245,Europe,1.5712891
2057-12-31 00:00:00,ssp245,Europe,1.3226318
2058-12-31 00:00:00,ssp245,Europe,2.748108
2059-12-31 00:00:00,ssp245,Europe,2.8535156
2060-12-31 00:00:00,ssp245,Europe,2.2428284
2061-12-31 00:00:00,ssp245,Europe,2.1246033
2062-12-31 00:00:00,ssp245,Europe,2.3038025
2063-12-31 00:00:00,ssp245,Europe,2.5080872
2064-12-31 00:00:00,ssp245,Europe,2.1788025
2065-12-31 00:00:00,ssp245,Europe,2.110199
2066-12-31 00:00:00,ssp245,Europe,2.5260925
2067-12-31 00:00:00,ssp245,Europe,2.6405334
2068-12-31 00:00:00,ssp245,Europe,2.064392
2069-12-31 00:00:00,ssp245,Europe,1.9295654
2070-12-31 00:00:00,ssp245,Europe,2.239624
2071-12-31 00:00:00,ssp245,Europe,2.5191956
2072-12-31 00:00:00,ssp245,Europe,2.640503
2073-12-31 00:00:00,ssp245,Europe,3.0400696
2074-12-31 00:00:00,ssp245,Europe,3.0883484
2075-12-31 00:00:00,ssp245,Europe,3.4631348
2076-12-31 00:00:00,ssp245,Europe,3.5791626
2077-12-31 00:00:00,ssp245,Europe,3.072174
2078-12-31 00:00:00,ssp245,Europe,3.2594604
2079-12-31 00:00:00,ssp245,Europe,2.6994934
2080-12-31 00:00:00,ssp245,Europe,3.2712708
2081-12-31 00:00:00,ssp245,Europe,3.389801
2082-12-31 00:00:00,ssp245,Europe,3.4328308
2083-12-31 00:00:00,ssp245,Europe,3.3606873
2084-12-31 00:00:00,ssp245,Europe,3.4355774
2085-12-31 00:00:00,ssp245,Europe,3.853241
2086-12-31 00:00:00,ssp245,Europe,3.2136536
2087-12-31 00:00:00,ssp245,Europe,3.5042725
2088-12-31 00:00:00,ssp245,Europe,3.4735718
2089-12-31 00:00:00,ssp245,Europe,3.6427002
2090-12-31 00:00:00,ssp245,Europe,3.5907593
2091-12-31 00:00:00,ssp245,Europe,3.6137695
2092-12-31 00:00:00,ssp245,Europe,3.5341187
2093-12-31 00:00:00,ssp245,Europe,3.829712
2094-12-31 00:00:00,ssp245,Europe,3.5534058
2095-12-31 00:00:00,ssp245,Europe,3.7200317
2096-12-31 00:00:00,ssp245,Europe,3.3536377
2097-12-31 00:00:00,ssp245,Europe,3.5310364
2098-12-31 00:00:00,ssp245,Europe,3.7662048
2099-12-31 00:00:00,ssp245,Europe,4.108673
2100-12-31 00:00:00,ssp245,Europe,3.3486633
2015-12-31 00:00:00,ssp245,Africa,0.5473633
2016-12-31 00:00:00,ssp245,Africa,0.4475708
2017-12-31 00:00:00,ssp245,Africa,0.39892578
2018-12-31 00:00:00,ssp245,Africa,0.37530518
2019-12-31 00:00:00,ssp245,Africa,0.40390015
2020-12-31 00:00:00,ssp245,Africa,0.5300598
2021-12-31 00:00:00,ssp245,Africa,0.7128906
2022-12-31 00:00:00,ssp245,Africa,0.6517029
2023-12-31 00:00:00,ssp245,Africa,0.6203308
2024-12-31 00:00:00,ssp245,Africa,0.8405762
2025-12-31 00:00:00,ssp245,Africa,0.6291809
2026-12-31 00:00:00,ssp245,Africa,1.0603638
2027-12-31 00:00:00,ssp245,Africa,0.8600464
2028-12-31 00:00:00,ssp245,Africa,0.6371765
2029-12-31 00:00:00,ssp245,Africa,0.99121094
2030-12-31 00:00:00,ssp245,Africa,1.1108398
2031-12-31 00:00:00,ssp245,Africa,1.1033936
2032-12-31 00:00:00,ssp245,Africa,0.6608887
2033-12-31 00:00:00,ssp245,Africa,0.7677307
2034-12-31 00:00:00,ssp245,Africa,1.0626831
2035-12-31 00:00:00,ssp245,Africa,1.0283203
2036-12-31 00:00:00,ssp245,Africa,0.78948975
2037-12-31 00:00:00,ssp245,Africa,1.2431335
2038-12-31 00:00:00,ssp245,Africa,1.0693359
2039-12-31 00:00:00,ssp245,Africa,1.1106567
2040-12-31 00:00:00,ssp245,Africa,1.087738
2041-12-31 00:00:00,ssp245,Africa,1.0860596
2042-12-31 00:00:00,ssp245,Africa,1.0046387
2043-12-31 00:00:00,ssp245,Africa,1.2223816
2044-12-31 00:00:00,ssp245,Africa,1.1464233
2045-12-31 00:00:00,ssp245,Africa,1.1746521
2046-12-31 00:00:00,ssp245,Africa,1.6584778
2047-12-31 00:00:00,ssp245,Africa,1.2393494
2048-12-31 00:00:00,ssp245,Africa,1.6178284
2049-12-31 00:00:00,ssp245,Africa,1.5523376
2050-12-31 00:00:00,ssp245,Africa,1.4824219
2051-12-31 00:00:00,ssp245,Africa,1.3776245
2052-12-31 00:00:00,ssp245,Africa,1.8901367
2053-12-31 00:00:00,ssp245,Africa,1.5121765
2054-12-31 00:00:00,ssp245,Africa,1.5539551
2055-12-31 00:00:00,ssp245,Africa,1.6025696
2056-12-31 00:00:00,ssp245,Africa,1.3417969
2057-12-31 00:00:00,ssp245,Africa,1.9866333
2058-12-31 00:00:00,ssp245,Africa,1.8341064
2059-12-31 00:00:00,ssp245,Africa,1.479187
2060-12-31 00:00:00,ssp245,Africa,1.7311707
2061-12-31 00:00:00,ssp245,Africa,1.6972961
2062-12-31 00:00:00,ssp245,Africa,1.9013672
2063-12-31 00:00:00,ssp245,Africa,1.7533875
2064-12-31 00:00:00,ssp245,Africa,1.742981
2065-12-31 00:00:00,ssp245,Africa,2.00589
2066-12-31 00:00:00,ssp245,Africa,1.7893677
2067-12-31 00:00:00,ssp245,Africa,1.7953796
2068-12-31 00:00:00,ssp245,Africa,1.8838501
2069-12-31 00:00:00,ssp245,Africa,1.8719482
2070-12-31 00:00:00,ssp245,Africa,2.1734924
2071-12-31 00:00:00,ssp245,Africa,2.0112915
2072-12-31 00:00:00,ssp245,Africa,2.1644287
2073-12-31 00:00:00,ssp245,Africa,2.2599182
2074-12-31 00:00:00,ssp245,Africa,1.8021545
2075-12-31 00:00:00,ssp245,Africa,1.7926025
2076-12-31 00:00:00,ssp245,Africa,2.066864
2077-12-31 00:00:00,ssp245,Africa,2.2573242
2078-12-31 00:00:00,ssp245,Africa,2.2213745
2079-12-31 00:00:00,ssp245,Africa,2.2286072
2080-12-31 00:00:00,ssp245,Africa,2.1065063
2081-12-31 00:00:00,ssp245,Africa,1.8192139
2082-12-31 00:00:00,ssp245,Africa,1.9485168
2083-12-31 00:00:00,ssp245,Africa,2.0767212
2084-12-31 00:00:00,ssp245,Africa,2.0724487
2085-12-31 00:00:00,ssp245,Africa,2.4034119
2086-12-31 00:00:00,ssp245,Africa,1.9620056
2087-12-31 00:00:00,ssp245,Africa,2.3173218
2088-12-31 00:00:00,ssp245,Africa,2.7080994
2089-12-31 00:00:00,ssp245,Africa,2.2786255
2090-12-31 00:00:00,ssp245,Africa,2.2763672
2091-12-31 00:00:00,ssp245,Africa,2.5445862
2092-12-31 00:00:00,ssp245,Africa,2.406128
2093-12-31 00:00:00,ssp245,Africa,2.0963135
2094-12-31 00:00:00,ssp245,Africa,2.1679382
2095-12-31 00:00:00,ssp245,Africa,2.5250854
2096-12-31 00:00:00,ssp245,Africa,2.66568
2097-12-31 00:00:00,ssp245,Africa,2.387329
2098-12-31 00:00:00,ssp245,Africa,2.5549011
2099-12-31 00:00:00,ssp245,Africa,2.2810364
2100-12-31 00:00:00,ssp245,Africa,2.2514954
2015-12-31 00:00:00,ssp245,Asia,0.7819519
2016-12-31 00:00:00,ssp245,Asia,0.5722351
2017-12-31 00:00:00,ssp245,Asia,0.43432617
2018-12-31 00:00:00,ssp245,Asia,0.5843506
2019-12-31 00:00:00,ssp245,Asia,0.6889038
2020-12-31 00:00:00,ssp245,Asia,0.5923462
2021-12-31 00:00:00,ssp245,Asia,0.9270935
2022-12-31 00:00:00,ssp245,Asia,0.8826599
2023-12-31 00:00:00,ssp245,Asia,0.79208374
2024-12-31 00:00:00,ssp245,Asia,1.0995178
2025-12-31 00:00:00,ssp245,Asia,1.0079346
2026-12-31 00:00:00,ssp245,Asia,1.2115784
2027-12-31 00:00:00,ssp245,Asia,1.3500061
2028-12-31 00:00:00,ssp245,Asia,1.0878906
2029-12-31 00:00:00,ssp245,Asia,1.5590515
2030-12-31 00:00:00,ssp245,Asia,1.6732178
2031-12-31 00:00:00,ssp245,Asia,1.2698975
2032-12-31 00:00:00,ssp245,Asia,1.4005432
2033-12-31 00:00:00,ssp245,Asia,1.5227966
2034-12-31 00:00:00,ssp245,Asia,1.5340881
2035-12-31 00:00:00,ssp245,Asia,1.5383606
2036-12-31 00:00:00,ssp245,Asia,1.9003296
2037-12-31 00:00:00,ssp245,Asia,1.6279907
2038-12-31 00:00:00,ssp245,Asia,1.8279419
2039-12-31 00:00:00,ssp245,Asia,2.0269775
2040-12-31 00:00:00,ssp245,Asia,1.5278625
2041-12-31 00:00:00,ssp245,Asia,1.725708
2042-12-31 00:00:00,ssp245,Asia,1.7009583
2043-12-31 00:00:00,ssp245,Asia,1.6338501
2044-12-31 00:00:00,ssp245,Asia,2.2809143
2045-12-31 00:00:00,ssp245,Asia,1.9612427
2046-12-31 00:00:00,ssp245,Asia,1.9782715
2047-12-31 00:00:00,ssp245,Asia,2.0306702
2048-12-31 00:00:00,ssp245,Asia,2.1524353
2049-12-31 00:00:00,ssp245,Asia,2.0697021
2050-12-31 00:00:00,ssp245,Asia,2.2946472
2051-12-31 00:00:00,ssp245,Asia,2.5534668
2052-12-31 00:00:00,ssp245,Asia,2.481598
2053-12-31 00:00:00,ssp245,Asia,2.5860596
2054-12-31 00:00:00,ssp245,Asia,2.7150574
2055-12-31 00:00:00,ssp245,Asia,1.9219666
2056-12-31 00:00:00,ssp245,Asia,2.210907
2057-12-31 00:00:00,ssp245,Asia,2.1715088
2058-12-31 00:00:00,ssp245,Asia,2.9812317
2059-12-31 00:00:00,ssp245,Asia,2.921112
2060-12-31 00:00:00,ssp245,Asia,2.7363586
2061-12-31 00:00:00,ssp245,Asia,2.6132507
2062-12-31 00:00:00,ssp245,Asia,2.315094
2063-12-31 00:00:00,ssp245,Asia,2.6121216
2064-12-31 00:00:00,ssp245,Asia,2.7056885
2065-12-31 00:00:00,ssp245,Asia,2.9731445
2066-12-31 00:00:00,ssp245,Asia,2.9257202
2067-12-31 00:00:00,ssp245,Asia,2.8056335
2068-12-31 00:00:00,ssp245,Asia,2.525299
2069-12-31 00:00:00,ssp245,Asia,2.6590576
2070-12-31 00:00:00,ssp245,Asia,2.6484985
2071-12-31 00:00:00,ssp245,Asia,3.0675964
2072-12-31 00:00:00,ssp245,Asia,2.9165344
2073-12-31 00:00:00,ssp245,Asia,3.0863647
2074-12-31 00:00:00,ssp245,Asia,3.0215454
2075-12-31 00:00:00,ssp245,Asia,3.304779
2076-12-31 00:00:00,ssp245,Asia,3.3132324
2077-12-31 00:00:00,ssp245,Asia,3.3420105
2078-12-31 00:00:00,ssp245,Asia,3.6098022
2079-12-31 00:00:00,ssp245,Asia,3.1446228
2080-12-31 00:00:00,ssp245,Asia,3.5317078
2081-12-31 00:00:00,ssp245,Asia,3.4325256
2082-12-31 00:00:00,ssp245,Asia,3.3892212
2083-12-31 00:00:00,ssp245,Asia,3.3114624
2084-12-31 00:00:00,ssp245,Asia,3.565155
2085-12-31 00:00:00,ssp245,Asia,3.7535706
2086-12-31 00:00:00,ssp245,Asia,3.4342651
2087-12-31 00:00:00,ssp245,Asia,3.8065796
2088-12-31 00:00:00,ssp245,Asia,3.786316
2089-12-31 00:00:00,ssp245,Asia,3.4957886
2090-12-31 00:00:00,ssp245,Asia,3.5064087
2091-12-31 00:00:00,ssp245,Asia,3.7230225
2092-12-31 00:00:00,ssp245,Asia,3.7937622
2093-12-31 00:00:00,ssp245,Asia,4.087677
2094-12-31 00:00:00,ssp245,Asia,3.636078
2095-12-31 00:00:00,ssp245,Asia,3.7485962
2096-12-31 00:00:00,ssp245,Asia,3.7070923
2097-12-31 00:00:00,ssp245,Asia,3.8052979
2098-12-31 00:00:00,ssp245,Asia,3.9273987
2099-12-31 00:00:00,ssp245,Asia,3.85318
2100-12-31 00:00:00,ssp245,Asia,3.77771
2015-12-31 00:00:00,ssp370,Global,0.73013306
2016-12-31 00:00:00,ssp370,Global,0.89797974
2017-12-31 00:00:00,ssp370,Global,1.0212708
2018-12-31 00:00:00,ssp370,Global,1.2163086
2019-12-31 00:00:00,ssp370,Global,0.9281311
2020-12-31 00:00:00,ssp370,Global,0.95584106
2021-12-31 00:00:00,ssp370,Global,1.2901306
2022-12-31 00:00:00,ssp370,Global,1.2537537
2023-12-31 00:00:00,ssp370,Global,0.9958191
2024-12-31 00:00:00,ssp370,Global,1.0829468
2025-12-31 00:00:00,ssp370,Global,1.1005859
2026-12-31 00:00:00,ssp370,Global,1.141449
2027-12-31 00:00:00,ssp370,Global,1.0839233
2028-12-31 00:00:00,ssp370,Global,1.1248474
2029-12-31 00:00:00,ssp370,Global,1.0566101
2030-12-31 00:00:00,ssp370,Global,1.2836304
2031-12-31 00:00:00,ssp370,Global,1.1989746
2032-12-31 00:00:00,ssp370,Global,1.2377319
2033-12-31 00:00:00,ssp370,Global,1.2546997
2034-12-31 00:00:00,ssp370,Global,1.3284302
2035-12-31 00:00:00,ssp370,Global,1.4457092
2036-12-31 00:00:00,ssp370,Global,1.340271
2037-12-31 00:00:00,ssp370,Global,1.556488
2038-12-31 00:00:00,ssp370,Global,1.464325
2039-12-31 00:00:00,ssp370,Global,1.4298096
2040-12-31 00:00:00,ssp370,Global,1.510376
2041-12-31 00:00:00,ssp370,Global,1.5247192
2042-12-31 00:00:00,ssp370,Global,1.6677551
2043-12-31 00:00:00,ssp370,Global,1.6450806
2044-12-31 00:00:00,ssp370,Global,1.6401062
2045-12-31 00:00:00,ssp370,Global,1.7340393
2046-12-31 00:00:00,ssp370,Global,1.7182922
2047-12-31 00:00:00,ssp370,Global,1.9767151
2048-12-31 00:00:00,ssp370,Global,1.8844604
2049-12-31 00:00:00,ssp370,Global,1.8781738
2050-12-31 00:00:00,ssp370,Global,1.6841736
2051-12-31 00:00:00,ssp370,Global,1.9569397
2052-12-31 00:00:00,ssp370,Global,1.8735046
2053-12-31 00:00:00,ssp370,Global,1.9447937
2054-12-31 00:00:00,ssp370,Global,1.9398499
2055-12-31 00:00:00,ssp370,Global,1.6862488
2056-12-31 00:00:00,ssp370,Global,2.140625
2057-12-31 00:00:00,ssp370,Global,2.429779
2058-12-31 00:00:00,ssp370,Global,2.211029
2059-12-31 00:00:00,ssp370,Global,2.127777
2060-12-31 00:00:00,ssp370,Global,2.636444
2061-12-31 00:00:00,ssp370,Global,2.4062805
2062-12-31 00:00:00,ssp370,Global,2.5319214
2063-12-31 00:00:00,ssp370,Global,2.3556213
2064-12-31 00:00:00,ssp370,Global,2.7667847
2065-12-31 00:00:00,ssp370,Global,2.7085266
2066-12-31 00:00:00,ssp370,Global,2.5320435
2067-12-31 00:00:00,ssp370,Global,2.651764
2068-12-31 00:00:00,ssp370,Global,2.8192444
2069-12-31 00:00:00,ssp370,Global,3.2037048
2070-12-31 00:00:00,ssp370,Global,2.7869263
2071-12-31 00:00:00,ssp370,Global,2.8793335
2072-12-31 00:00:00,ssp370,Global,3.1894836
2073-12-31 00:00:00,ssp370,Global,3.38443
2074-12-31 00:00:00,ssp370,Global,3.3927612
2075-12-31 00:00:00,ssp370,Global,3.055359
2076-12-31 00:00:00,ssp370,Global,2.9098816
2077-12-31 00:00:00,ssp370,Global,3.0975647
2078-12-31 00:00:00,ssp370,Global,3.1632996
2079-12-31 00:00:00,ssp370,Global,3.1181335
2080-12-31 00:00:00,ssp370,Global,3.4273987
2081-12-31 00:00:00,ssp370,Global,3.3435364
2082-12-31 00:00:00,ssp370,Global,3.365326
2083-12-31 00:00:00,ssp370,Global,3.2251282
2084-12-31 00:00:00,ssp370,Global,3.2812805
2085-12-31 00:00:00,ssp370,Global,3.467926
2086-12-31 00:00:00,ssp370,Global,3.5159607
2087-12-31 00:00:00,ssp370,Global,3.5619202
2088-12-31 00:00:00,ssp370,Global,3.7659607
2089-12-31 00:00:00,ssp370,Global,3.7146301
2090-12-31 00:00:00,ssp370,Global,3.7245483
2091-12-31 00:00:00,ssp370,Global,3.7233276
2092-12-31 00:00:00,ssp370,Global,3.7602234
2093-12-31 00:00:00,ssp370,Global,3.9346924
2094-12-31 00:00:00,ssp370,Global,4.0836487
2095-12-31 00:00:00,ssp370,Global,3.8450317
2096-12-31 00:00:00,ssp370,Global,3.9249878
2097-12-31 00:00:00,ssp370,Global,3.9833374
2098-12-31 00:00:00,ssp370,Global,3.9145813
2099-12-31 00:00:00,ssp370,Global,4.0382385
2100-12-31 00:00:00,ssp370,Global,4.024109
2015-12-31 00:00:00,ssp370,North America,0.6670227
2016-12-31 00:00:00,ssp370,North America,0.7981262
2017-12-31 00:00:00,ssp370,North America,0.9231262
2018-12-31 00:00:00,ssp370,North America,0.9964905
2019-12-31 00:00:00,ssp370,North America,0.7329712
2020-12-31 00:00:00,ssp370,North America,1.0348206
2021-12-31 00:00:00,ssp370,North America,0.7331848
2022-12-31 00:00:00,ssp370,North America,1.4596252
2023-12-31 00:00:00,ssp370,North America,0.9108887
2024-12-31 00:00:00,ssp370,North America,0.80545044
2025-12-31 00:00:00,ssp370,North America,1.3914795
2026-12-31 00:00:00,ssp370,North America,1.2660522
2027-12-31 00:00:00,ssp370,North America,0.92004395
2028-12-31 00:00:00,ssp370,North America,1.3252563
2029-12-31 00:00:00,ssp370,North America,0.9423218
2030-12-31 00:00:00,ssp370,North America,1.2824707
2031-12-31 00:00:00,ssp370,North America,1.1366272
2032-12-31 00:00:00,ssp370,North America,1.124115
2033-12-31 00:00:00,ssp370,North America,1.269043
2034-12-31 00:00:00,ssp370,North America,1.6697998
2035-12-31 00:00:00,ssp370,North America,1.4692383
2036-12-31 00:00:00,ssp370,North America,1.6798706
2037-12-31 00:00:00,ssp370,North America,1.9830933
2038-12-31 00:00:00,ssp370,North America,1.3976135
2039-12-31 00:00:00,ssp370,North America,1.3693542
2040-12-31 00:00:00,ssp370,North America,1.4315186
2041-12-31 00:00:00,ssp370,North America,1.2283936
2042-12-31 00:00:00,ssp370,North America,1.5867004
2043-12-31 00:00:00,ssp370,North America,1.5472717
2044-12-31 00:00:00,ssp370,North America,1.4502258
2045-12-31 00:00:00,ssp370,North America,1.7001648
2046-12-31 00:00:00,ssp370,North America,1.7813721
2047-12-31 00:00:00,ssp370,North America,1.7605286
2048-12-31 00:00:00,ssp370,North America,2.0472717
2049-12-31 00:00:00,ssp370,North America,1.8142395
2050-12-31 00:00:00,ssp370,North America,1.4857178
2051-12-31 00:00:00,ssp370,North America,1.7720337
2052-12-31 00:00:00,ssp370,North America,1.829895
2053-12-31 00:00:00,ssp370,North America,1.8681946
2054-12-31 00:00:00,ssp370,North America,2.1839905
2055-12-31 00:00:00,ssp370,North America,1.9045715
2056-12-31 00:00:00,ssp370,North America,2.0917664
2057-12-31 00:00:00,ssp370,North America,2.6860657
2058-12-31 00:00:00,ssp370,North America,2.826477
2059-12-31 00:00:00,ssp370,North America,2.5954895
2060-12-31 00:00:00,ssp370,North America,2.8454285
2061-12-31 00:00:00,ssp370,North America,2.5698547
2062-12-31 00:00:00,ssp370,North America,3.0358276
2063-12-31 00:00:00,ssp370,North America,2.2901917
2064-12-31 00:00:00,ssp370,North America,2.8903198
2065-12-31 00:00:00,ssp370,North America,2.5404358
2066-12-31 00:00:00,ssp370,North America,2.5717773
2067-12-31 00:00:00,ssp370,North America,2.7015686
2068-12-31 00:00:00,ssp370,North America,2.7722778
2069-12-31 00:00:00,ssp370,North America,3.475769
2070-12-31 00:00:00,ssp370,North America,2.988678
2071-12-31 00:00:00,ssp370,North America,2.9663086
2072-12-31 00:00:00,ssp370,North America,3.233673
2073-12-31 00:00:00,ssp370,North America,3.3683777
2074-12-31 00:00:00,ssp370,North America,3.525177
2075-12-31 00:00:00,ssp370,North America,3.1314697
2076-12-31 00:00:00,ssp370,North America,2.9766235
2077-12-31 00:00:00,ssp370,North America,3.297638
2078-12-31 00:00:00,ssp370,North America,3.3188477
2079-12-31 00:00:00,ssp370,North America,3.3492432
2080-12-31 00:00:00,ssp370,North America,3.6351013
2081-12-31 00:00:00,ssp370,North America,3.4820862
2082-12-31 00:00:00,ssp370,North America,3.6817322
2083-12-31 00:00:00,ssp370,North America,4.167389
2084-12-31 00:00:00,ssp370,North America,3.562378
2085-12-31 00:00:00,ssp370,North America,3.3041992
2086-12-31 00:00:00,ssp370,North America,3.8632202
2087-12-31 00:00:00,ssp370,North America,3.611969
2088-12-31 00:00:00,ssp370,North America,3.9947815
2089-12-31 00:00:00,ssp370,North America,3.8183594
2090-12-31 00:00:00,ssp370,North America,3.8647766
2091-12-31 00:00:00,ssp370,North America,4.12088
2092-12-31 00:00:00,ssp370,North America,4.156494
2093-12-31 00:00:00,ssp370,North America,4.1839905
2094-12-31 00:00:00,ssp370,North America,4.3658447
2095-12-31 00:00:00,ssp370,North America,4.1239624
2096-12-31 00:00:00,ssp370,North America,4.2900696
2097-12-31 00:00:00,ssp370,North America,4.3706055
2098-12-31 00:00:00,ssp370,North America,3.859192
2099-12-31 00:00:00,ssp370,North America,4.339508
2100-12-31 00:00:00,ssp370,North America,4.2972107
2015-12-31 00:00:00,ssp370,South America,0.8864746
2016-12-31 00:00:00,ssp370,South America,1.2585754
2017-12-31 00:00:00,ssp370,South America,1.586853
2018-12-31 00:00:00,ssp370,South America,1.2052002
2019-12-31 00:00:00,ssp370,South America,0.9484558
2020-12-31 00:00:00,ssp370,South America,1.0073242
2021-12-31 00:00:00,ssp370,South America,1.3145142
2022-12-31 00:00:00,ssp370,South America,1.1869202
2023-12-31 00:00:00,ssp370,South America,0.7965393
2024-12-31 00:00:00,ssp370,South America,1.2614746
2025-12-31 00:00:00,ssp370,South America,1.608551
2026-12-31 00:00:00,ssp370,South America,1.3661194
2027-12-31 00:00:00,ssp370,South America,1.2125854
2028-12-31 00:00:00,ssp370,South America,1.2941589
2029-12-31 00:00:00,ssp370,South America,1.6472473
2030-12-31 00:00:00,ssp370,South America,1.2774963
2031-12-31 00:00:00,ssp370,South America,1.2260132
2032-12-31 00:00:00,ssp370,South America,1.3943176
2033-12-31 00:00:00,ssp370,South America,1.7676086
2034-12-31 00:00:00,ssp370,South America,1.5022583
2035-12-31 00:00:00,ssp370,South America,1.6271057
2036-12-31 00:00:00,ssp370,South America,1.6934814
2037-12-31 00:00:00,ssp370,South America,1.9451294
2038-12-31 00:00:00,ssp370,South America,1.6140137
2039-12-31 00:00:00,ssp370,South America,1.4532166
2040-12-31 00:00:00,ssp370,South America,1.5219421
2041-12-31 00:00:00,ssp370,South America,1.8695679
2042-12-31 00:00:00,ssp370,South America,1.8386841
2043-12-31 00:00:00,ssp370,South America,1.6718445
2044-12-31 00:00:00,ssp370,South America,1.6576843
2045-12-31 00:00:00,ssp370,South America,2.0523376
2046-12-31 00:00:00,ssp370,South America,2.058258
2047-12-31 00:00:00,ssp370,South America,2.0810852
2048-12-31 00:00:00,ssp370,South America,2.4126282
2049-12-31 00:00:00,ssp370,South America,1.966095
2050-12-31 00:00:00,ssp370,South America,1.9896545
2051-12-31 00:00:00,ssp370,South America,2.1843262
2052-12-31 00:00:00,ssp370,South America,1.9059753
2053-12-31 00:00:00,ssp370,South America,1.9614563
2054-12-31 00:00:00,ssp370,South America,2.047821
2055-12-31 00:00:00,ssp370,South America,1.6244202
2056-12-31 00:00:00,ssp370,South America,2.1409912
2057-12-31 00:00:00,ssp370,South America,2.3131714
2058-12-31 00:00:00,ssp370,South America,2.1402283
2059-12-31 00:00:00,ssp370,South America,2.0729675
2060-12-31 00:00:00,ssp370,South America,2.4988098
2061-12-31 00:00:00,ssp370,South America,2.570465
2062-12-31 00:00:00,ssp370,South America,2.4377441
2063-12-31 00:00:00,ssp370,South America,2.3312073
2064-12-31 00:00:00,ssp370,South America,2.5500488
2065-12-31 00:00:00,ssp370,South America,2.9006653
2066-12-31 00:00:00,ssp370,South America,2.0909119
2067-12-31 00:00:00,ssp370,South America,2.151764
2068-12-31 00:00:00,ssp370,South America,2.5575562
2069-12-31 00:00:00,ssp370,South America,2.8927002
2070-12-31 00:00:00,ssp370,South America,2.197113
2071-12-31 00:00:00,ssp370,South America,2.365631
2072-12-31 00:00:00,ssp370,South America,2.7382812
2073-12-31 00:00:00,ssp370,South America,3.3420715
2074-12-31 00:00:00,ssp370,South America,3.2141113
2075-12-31 00:00:00,ssp370,South America,2.814392
2076-12-31 00:00:00,ssp370,South America,2.6288757
2077-12-31 00:00:00,ssp370,South America,2.792328
2078-12-31 00:00:00,ssp370,South America,3.0231934
2079-12-31 00:00:00,ssp370,South America,2.952057
2080-12-31 00:00:00,ssp370,South America,2.9361572
2081-12-31 00:00:00,ssp370,South America,3.2687988
2082-12-31 00:00:00,ssp370,South America,3.427185
2083-12-31 00:00:00,ssp370,South America,3.2999268
2084-12-31 00:00:00,ssp370,South America,2.8691406
2085-12-31 00:00:00,ssp370,South America,3.1785583
2086-12-31 00:00:00,ssp370,South America,3.478485
2087-12-31 00:00:00,ssp370,South America,3.5222473
2088-12-31 00:00:00,ssp370,South America,3.613617
2089-12-31 00:00:00,ssp370,South America,3.482666
2090-12-31 00:00:00,ssp370,South America,3.6632996
2091-12-31 00:00:00,ssp370,South America,3.2771912
2092-12-31 00:00:00,ssp370,South America,3.2851562
2093-12-31 00:00:00,ssp370,South America,3.8535767
2094-12-31 00:00:00,ssp370,South America,3.9561462
2095-12-31 00:00:00,ssp370,South America,3.527069
2096-12-31 00:00:00,ssp370,South America,3.7069397
2097-12-31 00:00:00,ssp370,South America,3.7974548
2098-12-31 00:00:00,ssp370,South America,3.8832092
2099-12-31 00:00:00,ssp370,South America,3.9118042
2100-12-31 00:00:00,ssp370,South America,3.7797546
2015-12-31 00:00:00,ssp370,Europe,0.6983032
2016-12-31 00:00:00,ssp370,Europe,0.52960205
2017-12-31 00:00:00,ssp370,Europe,0.81381226
2018-12-31 00:00:00,ssp370,Europe,0.6535034
2019-12-31 00:00:00,ssp370,Europe,0.75253296
2020-12-31 00:00:00,ssp370,Europe,0.9640503
2021-12-31 00:00:00,ssp370,Europe,1.4846191
2022-12-31 00:00:00,ssp370,Europe,0.71655273
2023-12-31 00:00:00,ssp370,Europe,0.9237366
2024-12-31 00:00:00,ssp370,Europe,1.4699097
2025-12-31 00:00:00,ssp370,Europe,0.036499023
2026-12-31 00:00:00,ssp370,Europe,0.8451233
2027-12-31 00:00:00,ssp370,Europe,0.75442505
2028-12-31 00:00:00,ssp370,Europe,0.6812439
2029-12-31 00:00:00,ssp370,Europe,0.53582764
2030-12-31 00:00:00,ssp370,Europe,0.8690796
2031-12-31 00:00:00,ssp370,Europe,1.1394653
2032-12-31 00:00:00,ssp370,Europe,1.197937
2033-12-31 00:00:00,ssp370,Europe,0.92123413
2034-12-31 00:00:00,ssp370,Europe,-0.15472412
2035-12-31 00:00:00,ssp370,Europe,0.51000977
2036-12-31 00:00:00,ssp370,Europe,0.6479492
2037-12-31 00:00:00,ssp370,Europe,1.655304
2038-12-31 00:00:00,ssp370,Europe,1.5698242
2039-12-31 00:00:00,ssp370,Europe,1.1433105
2040-12-31 00:00:00,ssp370,Europe,1.0519104
2041-12-31 00:00:00,ssp370,Europe,1.4892273
2042-12-31 00:00:00,ssp370,Europe,1.5661926
2043-12-31 00:00:00,ssp370,Europe,1.8701477
2044-12-31 00:00:00,ssp370,Europe,1.6670227
2045-12-31 00:00:00,ssp370,Europe,0.59420776
2046-12-31 00:00:00,ssp370,Europe,1.1888733
2047-12-31 00:00:00,ssp370,Europe,1.655365
2048-12-31 00:00:00,ssp370,Europe,1.851532
2049-12-31 00:00:00,ssp370,Europe,1.9988098
2050-12-31 00:00:00,ssp370,Europe,1.6121521
2051-12-31 00:00:00,ssp370,Europe,1.9277344
2052-12-31 00:00:00,ssp370,Europe,2.063202
2053-12-31 00:00:00,ssp370,Europe,1.685791
2054-12-31 00:00:00,ssp370,Europe,1.4864807
2055-12-31 00:00:00,ssp370,Europe,1.9369507
2056-12-31 00:00:00,ssp370,Europe,1.828125
2057-12-31 00:00:00,ssp370,Europe,2.645752
2058-12-31 00:00:00,ssp370,Europe,2.2156372
2059-12-31 00:00:00,ssp370,Europe,2.5148315
2060-12-31 00:00:00,ssp370,Europe,2.2754517
2061-12-31 00:00:00,ssp370,Europe,2.4931946
2062-12-31 00:00:00,ssp370,Europe,2.5256958
2063-12-31 00:00:00,ssp370,Europe,1.8416443
2064-12-31 00:00:00,ssp370,Europe,2.4552917
2065-12-31 00:00:00,ssp370,Europe,2.566101
2066-12-31 00:00:00,ssp370,Europe,2.891327
2067-12-31 00:00:00,ssp370,Europe,3.2092896
2068-12-31 00:00:00,ssp370,Europe,2.3243103
2069-12-31 00:00:00,ssp370,Europe,2.8613586
2070-12-31 00:00:00,ssp370,Europe,2.143982
2071-12-31 00:00:00,ssp370,Europe,2.4953613
2072-12-31 00:00:00,ssp370,Europe,2.9403076
2073-12-31 00:00:00,ssp370,Europe,2.9804077
2074-12-31 00:00:00,ssp370,Europe,3.21109
2075-12-31 00:00:00,ssp370,Europe,2.9880676
2076-12-31 00:00:00,ssp370,Europe,2.5195923
2077-12-31 00:00:00,ssp370,Europe,2.7602234
2078-12-31 00:00:00,ssp370,Europe,2.7335205
2079-12-31 00:00:00,ssp370,Europe,3.5384216
2080-12-31 00:00:00,ssp370,Europe,3.2132568
2081-12-31 00:00:00,ssp370,Europe,3.2748108
2082-12-31 00:00:00,ssp370,Europe,3.2956238
2083-12-31 00:00:00,ssp370,Europe,3.1585388
2084-12-31 00:00:00,ssp370,Europe,3.46286
2085-12-31 00:00:00,ssp370,Europe,3.6529846
2086-12-31 00:00:00,ssp370,Europe,3.6184387
2087-12-31 00:00:00,ssp370,Europe,2.6517944
2088-12-31 00:00:00,ssp370,Europe,2.8286438
2089-12-31 00:00:00,ssp370,Europe,4.0207825
2090-12-31 00:00:00,ssp370,Europe,3.4699707
2091-12-31 00:00:00,ssp370,Europe,2.9017944
2092-12-31 00:00:00,ssp370,Europe,3.763092
2093-12-31 00:00:00,ssp370,Europe,4.085083
2094-12-31 00:00:00,ssp370,Europe,3.4956055
2095-12-31 00:00:00,ssp370,Europe,3.5191956
2096-12-31 00:00:00,ssp370,Europe,4.27652
2097-12-31 00:00:00,ssp370,Europe,3.3587952
2098-12-31 00:00:00,ssp370,Europe,3.6071472
2099-12-31 00:00:00,ssp370,Europe,3.5576477
2100-12-31 00:00:00,ssp370,Europe,3.3274841
2015-12-31 00:00:00,ssp370,Africa,0.9967346
2016-12-31 00:00:00,ssp370,Africa,1.1648254
2017-12-31 00:00:00,ssp370,Africa,1.2949219
2018-12-31 00:00:00,ssp370,Africa,1.2940369
2019-12-31 00:00:00,ssp370,Africa,1.0674438
2020-12-31 00:00:00,ssp370,Africa,1.295227
2021-12-31 00:00:00,ssp370,Africa,1.4378052
2022-12-31 00:00:00,ssp370,Africa,1.4281311
2023-12-31 00:00:00,ssp370,Africa,0.9678345
2024-12-31 00:00:00,ssp370,Africa,1.1605225
2025-12-31 00:00:00,ssp370,Africa,1.5037842
2026-12-31 00:00:00,ssp370,Africa,1.2906799
2027-12-31 00:00:00,ssp370,Africa,1.3930664
2028-12-31 00:00:00,ssp370,Africa,1.4890137
2029-12-31 00:00:00,ssp370,Africa,1.644043
2030-12-31 00:00:00,ssp370,Africa,1.5605774
2031-12-31 00:00:00,ssp370,Africa,1.3492737
2032-12-31 00:00:00,ssp370,Africa,1.6096802
2033-12-31 00:00:00,ssp370,Africa,1.5440063
2034-12-31 00:00:00,ssp370,Africa,1.7746887
2035-12-31 00:00:00,ssp370,Africa,1.6342773
2036-12-31 00:00:00,ssp370,Africa,1.9992676
2037-12-31 00:00:00,ssp370,Africa,1.9013977
2038-12-31 00:00:00,ssp370,Africa,1.8111877
2039-12-31 00:00:00,ssp370,Africa,1.7055664
2040-12-31 00:00:00,ssp370,Africa,1.7520752
2041-12-31 00:00:00,ssp370,Africa,2.0648804
2042-12-31 00:00:00,ssp370,Africa,1.9555664
2043-12-31 00:00:00,ssp370,Africa,1.8392944
2044-12-31 00:00:00,ssp370,Africa,1.7543945
2045-12-31 00:00:00,ssp370,Africa,2.2911987
2046-12-31 00:00:00,ssp370,Africa,2.2191772
2047-12-31 00:00:00,ssp370,Africa,2.2123413
2048-12-31 00:00:00,ssp370,Africa,2.3807678
2049-12-31 00:00:00,ssp370,Africa,2.0737305
2050-12-31 00:00:00,ssp370,Africa,2.1263428
2051-12-31 00:00:00,ssp370,Africa,2.2201233
2052-12-31 00:00:00,ssp370,Africa,2.0300598
2053-12-31 00:00:00,ssp370,Africa,2.135437
2054-12-31 00:00:00,ssp370,Africa,2.2329407
2055-12-31 00:00:00,ssp370,Africa,2.0490112
2056-12-31 00:00:00,ssp370,Africa,2.2811584
2057-12-31 00:00:00,ssp370,Africa,2.5461426
2058-12-31 00:00:00,ssp370,Africa,2.5243835
2059-12-31 00:00:00,ssp370,Africa,2.3847046
2060-12-31 00:00:00,ssp370,Africa,2.6635437
2061-12-31 00:00:00,ssp370,Africa,2.5010376
2062-12-31 00:00:00,ssp370,Africa,2.7315674
2063-12-31 00:00:00,ssp370,Africa,2.67276
2064-12-31 00:00:00,ssp370,Africa,2.8104858
2065-12-31 00:00:00,ssp370,Africa,2.916626
2066-12-31 00:00:00,ssp370,Africa,2.7253113
2067-12-31 00:00:00,ssp370,Africa,2.5145874
2068-12-31 00:00:00,ssp370,Africa,2.8205872
2069-12-31 00:00:00,ssp370,Africa,2.8531494
2070-12-31 00:00:00,ssp370,Africa,2.596466
2071-12-31 00:00:00,ssp370,Africa,2.3886414
2072-12-31 00:00:00,ssp370,Africa,3.066681
2073-12-31 00:00:00,ssp370,Africa,3.3703308
2074-12-31 00:00:00,ssp370,Africa,3.4574585
2075-12-31 00:00:00,ssp370,Africa,3.0053406
2076-12-31 00:00:00,ssp370,Africa,3.0683594
2077-12-31 00:00:00,ssp370,Africa,3.1368408
2078-12-31 00:00:00,ssp370,Africa,3.728424
2079-12-31 00:00:00,ssp370,Africa,3.0853271
2080-12-31 00:00:00,ssp370,Africa,3.249298
2081-12-31 00:00:00,ssp370,Africa,3.7072754
2082-12-31 00:00:00,ssp370,Africa,3.4760437
2083-12-31 00:00:00,ssp370,Africa,3.4555664
2084-12-31 00:00:00,ssp370,Africa,3.2152405
2085-12-31 00:00:00,ssp370,Africa,3.434143
2086-12-31 00:00:00,ssp370,Africa,3.703827
2087-12-31 00:00:00,ssp370,Africa,3.5598145
2088-12-31 00:00:00,ssp370,Africa,3.6386108
2089-12-31 00:00:00,ssp370,Africa,3.6037292
2090-12-31 00:00:00,ssp370,Africa,4.042877
2091-12-31 00:00:00,ssp370,Africa,3.8417053
2092-12-31 00:00:00,ssp370,Africa,3.518341
2093-12-31 00:00:00,ssp370,Africa,3.9057312
2094-12-31 00:00:00,ssp370,Africa,4.060669
2095-12-31 00:00:00,ssp370,Africa,3.5759888
2096-12-31 00:00:00,ssp370,Africa,4.170105
2097-12-31 00:00:00,ssp370,Africa,4.0230713
2098-12-31 00:00:00,ssp370,Africa,3.8804932
2099-12-31 00:00:00,ssp370,Africa,4.293274
2100-12-31 00:00:00,ssp370,Africa,3.8414307
2015-12-31 00:00:00,ssp370,Asia,0.865448
2016-12-31 00:00:00,ssp370,Asia,0.8634033
2017-12-31 00:00:00,ssp370,Asia,0.85092163
2018-12-31 00:00:00,ssp370,Asia,1.0205383
2019-12-31 00:00:00,ssp370,Asia,0.83374023
2020-12-31 00:00:00,ssp370,Asia,0.93478394
2021-12-31 00:00:00,ssp370,Asia,1.4406128
2022-12-31 00:00:00,ssp370,Asia,1.2921143
2023-12-31 00:00:00,ssp370,Asia,1.1908875
2024-12-31 00:00:00,ssp370,Asia,1.2842407
2025-12-31 00:00:00,ssp370,Asia,0.69970703
2026-12-31 00:00:00,ssp370,Asia,0.8890991
2027-12-31 00:00:00,ssp370,Asia,0.8687744
2028-12-31 00:00:00,ssp370,Asia,0.7647095
2029-12-31 00:00:00,ssp370,Asia,0.98065186
2030-12-31 00:00:00,ssp370,Asia,1.097229
2031-12-31 00:00:00,ssp370,Asia,1.3996582
2032-12-31 00:00:00,ssp370,Asia,1.3907471
2033-12-31 00:00:00,ssp370,Asia,0.92007446
2034-12-31 00:00:00,ssp370,Asia,0.8729248
2035-12-31 00:00:00,ssp370,Asia,1.118927
2036-12-31 00:00:00,ssp370,Asia,1.0578613
2037-12-31 00:00:00,ssp370,Asia,1.5841675
2038-12-31 00:00:00,ssp370,Asia,1.5096741
2039-12-31 00:00:00,ssp370,Asia,1.2847595
2040-12-31 00:00:00,ssp370,Asia,1.484314
2041-12-31 00:00:00,ssp370,Asia,1.5560608
2042-12-31 00:00:00,ssp370,Asia,1.4942322
2043-12-31 00:00:00,ssp370,Asia,1.7669067
2044-12-31 00:00:00,ssp370,Asia,1.7144775
2045-12-31 00:00:00,ssp370,Asia,1.3444824
2046-12-31 00:00:00,ssp370,Asia,1.5672302
2047-12-31 00:00:00,ssp370,Asia,1.7318726
2048-12-31 00:00:00,ssp370,Asia,1.9091187
2049-12-31 00:00:00,ssp370,Asia,2.4702759
2050-12-31 00:00:00,ssp370,Asia,1.9179688
2051-12-31 00:00:00,ssp370,Asia,2.1716309
2052-12-31 00:00:00,ssp370,Asia,2.3569336
2053-12-31 00:00:00,ssp370,Asia,2.1107483
2054-12-31 00:00:00,ssp370,Asia,1.914032
2055-12-31 00:00:00,ssp370,Asia,1.8883057
2056-12-31 00:00:00,ssp370,Asia,2.31604
2057-12-31 00:00:00,ssp370,Asia,2.6464539
2058-12-31 00:00:00,ssp370,Asia,2.3681946
2059-12-31 00:00:00,ssp370,Asia,2.3098145
2060-12-31 00:00:00,ssp370,Asia,2.7427063
2061-12-31 00:00:00,ssp370,Asia,2.4978943
2062-12-31 00:00:00,ssp370,Asia,2.3511658
2063-12-31 00:00:00,ssp370,Asia,2.5882263
2064-12-31 00:00:00,ssp370,Asia,2.6927795
2065-12-31 00:00:00,ssp370,Asia,2.9270935
2066-12-31 00:00:00,ssp370,Asia,3.038391
2067-12-31 00:00:00,ssp370,Asia,3.2311096
2068-12-31 00:00:00,ssp370,Asia,3.1269836
2069-12-31 00:00:00,ssp370,Asia,3.1128235
2070-12-31 00:00:00,ssp370,Asia,3.0944214
2071-12-31 00:00:00,ssp370,Asia,3.19516
2072-12-31 00:00:00,ssp370,Asia,3.2596436
2073-12-31 00:00:00,ssp370,Asia,3.5883484
2074-12-31 00:00:00,ssp370,Asia,3.453064
2075-12-31 00:00:00,ssp370,Asia,3.408081
2076-12-31 00:00:00,ssp370,Asia,3.2488098
2077-12-31 00:00:00,ssp370,Asia,3.494629
2078-12-31 00:00:00,ssp370,Asia,3.3330383
2079-12-31 00:00:00,ssp370,Asia,3.8589478
2080-12-31 00:00:00,ssp370,Asia,3.3789368
2081-12-31 00:00:00,ssp370,Asia,3.7938232
2082-12-31 00:00:00,ssp370,Asia,4.00235
2083-12-31 00:00:00,ssp370,Asia,3.9967957
2084-12-31 00:00:00,ssp370,Asia,3.889923
2085-12-31 00:00:00,ssp370,Asia,4.183014
2086-12-31 00:00:00,ssp370,Asia,3.9424438
2087-12-31 00:00:00,ssp370,Asia,3.8473816
2088-12-31 00:00:00,ssp370,Asia,3.955536
2089-12-31 00:00:00,ssp370,Asia,4.030365
2090-12-31 00:00:00,ssp370,Asia,3.901123
2091-12-31 00:00:00,ssp370,Asia,3.8932495
2092-12-31 00:00:00,ssp370,Asia,4.151001
2093-12-31 00:00:00,ssp370,Asia,4.3962097
2094-12-31 00:00:00,ssp370,Asia,4.19989
2095-12-31 00:00:00,ssp370,Asia,4.3348083
2096-12-31 00:00:00,ssp370,Asia,4.5693665
2097-12-31 00:00:00,ssp370,Asia,4.1941833
2098-12-31 00:00:00,ssp370,Asia,4.073639
2099-12-31 00:00:00,ssp370,Asia,4.3710938
2100-12-31 00:00:00,ssp370,Asia,4.288727
2015-12-31 00:00:00,ssp585,Global,0.30889893
2016-12-31 00:00:00,ssp585,Global,0.35849
2017-12-31 00:00:00,ssp585,Global,0.46636963
2018-12-31 00:00:00,ssp585,Global,0.5635376
2019-12-31 00:00:00,ssp585,Global,0.46643066
2020-12-31 00:00:00,ssp585,Global,0.44589233
2021-12-31 00:00:00,ssp585,Global,0.48083496
2022-12-31 00:00:00,ssp585,Global,0.6574402
2023-12-31 00:00:00,ssp585,Global,0.67526245
2024-12-31 00:00:00,ssp585,Global,0.7268677
2025-12-31 00:00:00,ssp585,Global,0.7592163
2026-12-31 00:00:00,ssp585,Global,0.8845825
2027-12-31 00:00:00,ssp585,Global,0.92840576
2028-12-31 00:00:00,ssp585,Global,0.9046631
2029-12-31 00:00:00,ssp585,Global,1.0784912
2030-12-31 00:00:00,ssp585,Global,1.233429
2031-12-31 00:00:00,ssp585,Global,1.1044617
2032-12-31 00:00:00,ssp585,Global,1.1948547
2033-12-31 00:00:00,ssp585,Global,1.0076904
2034-12-31 00:00:00,ssp585,Global,1.19104
2035-12-31 00:00:00,ssp585,Global,1.2473145
2036-12-31 00:00:00,ssp585,Global,1.2720642
2037-12-31 00:00:00,ssp585,Global,1.2661743
2038-12-31 00:00:00,ssp585,Global,1.4578247
2039-12-31 00:00:00,ssp585,Global,1.5275879
2040-12-31 00:00:00,ssp585,Global,1.3723755
2041-12-31 00:00:00,ssp585,Global,1.4352417
2042-12-31 00:00:00,ssp585,Global,1.732666
2043-12-31 00:00:00,ssp585,Global,1.4955444
2044-12-31 00:00:00,ssp585,Global,1.6861267
2045-12-31 00:00:00,ssp585,Global,1.7153625
2046-12-31 00:00:00,ssp585,Global,1.8252869
2047-12-31 00:00:00,ssp585,Global,1.8487244
2048-12-31 00:00:00,ssp585,Global,1.9073792
2049-12-31 00:00:00,ssp585,Global,2.1487122
2050-12-31 00:00:00,ssp585,Global,2.1228333
2051-12-31 00:00:00,ssp585,Global,2.1563416
2052-12-31 00:00:00,ssp585,Global,2.443756
2053-12-31 00:00:00,ssp585,Global,2.235138
2054-12-31 00:00:00,ssp585,Global,2.4849243
2055-12-31 00:00:00,ssp585,Global,2.5598145
2056-12-31 00:00:00,ssp585,Global,2.493164
2057-12-31 00:00:00,ssp585,Global,2.5128784
2058-12-31 00:00:00,ssp585,Global,2.6757812
2059-12-31 00:00:00,ssp585,Global,2.9211426
2060-12-31 00:00:00,ssp585,Global,2.973297
2061-12-31 00:00:00,ssp585,Global,2.820404
2062-12-31 00:00:00,ssp585,Global,2.888733
2063-12-31 00:00:00,ssp585,Global,3.1354065
2064-12-31 00:00:00,ssp585,Global,3.0463257
2065-12-31 00:00:00,ssp585,Global,3.00708
2066-12-31 00:00:00,ssp585,Global,3.1410828
2067-12-31 00:00:00,ssp585,Global,3.3375244
2068-12-31 00:00:00,ssp585,Global,3.5792847
2069-12-31 00:00:00,ssp585,Global,3.304718
2070-12-31 00:00:00,ssp585,Global,3.3841553
2071-12-31 00:00:00,ssp585,Global,3.3826904
2072-12-31 00:00:00,ssp585,Global,3.5150757
2073-12-31 00:00:00,ssp585,Global,3.5728455
2074-12-31 00:00:00,ssp585,Global,3.4213867
2075-12-31 00:00:00,ssp585,Global,3.4555054
2076-12-31 00:00:00,ssp585,Global,3.8208008
2077-12-31 00:00:00,ssp585,Global,3.6661377
2078-12-31 00:00:00,ssp585,Global,3.7104797
2079-12-31 00:00:00,ssp585,Global,4.1762695
2080-12-31 00:00:00,ssp585,Global,4.1751404
2081-12-31 00:00:00,ssp585,Global,4.4570312
2082-12-31 00:00:00,ssp585,Global,4.5885925
2083-12-31 00:00:00,ssp585,Global,4.4059753
2084-12-31 00:00:00,ssp585,Global,4.286743
2085-12-31 00:00:00,ssp585,Global,4.520813
2086-12-31 00:00:00,ssp585,Global,4.600128
2087-12-31 00:00:00,ssp585,Global,4.529419
2088-12-31 00:00:00,ssp585,Global,4.7615356
2089-12-31 00:00:00,ssp585,Global,4.6406555
2090-12-31 00:00:00,ssp585,Global,4.8135986
2091-12-31 00:00:00,ssp585,Global,4.8239746
2092-12-31 00:00:00,ssp585,Global,4.9848022
2093-12-31 00:00:00,ssp585,Global,5.0374756
2094-12-31 00:00:00,ssp585,Global,4.970154
2095-12-31 00:00:00,ssp585,Global,5.163391
2096-12-31 00:00:00,ssp585,Global,5.3955383
2097-12-31 00:00:00,ssp585,Global,5.5738525
2098-12-31 00:00:00,ssp585,Global,5.394806
2099-12-31 00:00:00,ssp585,Global,5.325531
2100-12-31 00:00:00,ssp585,Global,5.5014954
2015-12-31 00:00:00,ssp585,North America,0.06259155
2016-12-31 00:00:00,ssp585,North America,0.0932312
2017-12-31 00:00:00,ssp585,North America,0.29440308
2018-12-31 00:00:00,ssp585,North America,0.5560303
2019-12-31 00:00:00,ssp585,North America,0.48669434
2020-12-31 00:00:00,ssp585,North America,0.33883667
2021-12-31 00:00:00,ssp585,North America,0.43130493
2022-12-31 00:00:00,ssp585,North America,0.7088318
2023-12-31 00:00:00,ssp585,North America,0.53549194
2024-12-31 00:00:00,ssp585,North America,0.6999817
2025-12-31 00:00:00,ssp585,North America,0.3119812
2026-12-31 00:00:00,ssp585,North America,0.8122864
2027-12-31 00:00:00,ssp585,North America,1.5038452
2028-12-31 00:00:00,ssp585,North America,0.53396606
2029-12-31 00:00:00,ssp585,North America,1.1012573
2030-12-31 00:00:00,ssp585,North America,1.2255554
2031-12-31 00:00:00,ssp585,North America,1.2216187
2032-12-31 00:00:00,ssp585,North America,1.3690796
2033-12-31 00:00:00,ssp585,North America,0.77511597
2034-12-31 00:00:00,ssp585,North America,1.3331604
2035-12-31 00:00:00,ssp585,North America,1.1111145
2036-12-31 00:00:00,ssp585,North America,1.503418
2037-12-31 00:00:00,ssp585,North America,1.3222656
2038-12-31 00:00:00,ssp585,North America,1.7305603
2039-12-31 00:00:00,ssp585,North America,1.7484741
2040-12-31 00:00:00,ssp585,North America,1.2937927
2041-12-31 00:00:00,ssp585,North America,1.2905884
2042-12-31 00:00:00,ssp585,North America,1.9508972
2043-12-31 00:00:00,ssp585,North America,1.5781555
2044-12-31 00:00:00,ssp585,North America,2.0304565
2045-12-31 00:00:00,ssp585,North America,1.8705139
2046-12-31 00:00:00,ssp585,North America,2.1199646
2047-12-31 00:00:00,ssp585,North America,1.9765015
2048-12-31 00:00:00,ssp585,North America,2.1549072
2049-12-31 00:00:00,ssp585,North America,2.9167175
2050-12-31 00:00:00,ssp585,North America,2.3893738
2051-12-31 00:00:00,ssp585,North America,2.5741272
2052-12-31 00:00:00,ssp585,North America,3.0385437
2053-12-31 00:00:00,ssp585,North America,2.5411987
2054-12-31 00:00:00,ssp585,North America,2.715149
2055-12-31 00:00:00,ssp585,North America,2.865326
2056-12-31 00:00:00,ssp585,North America,2.8389282
2057-12-31 00:00:00,ssp585,North America,2.8470154
2058-12-31 00:00:00,ssp585,North America,3.1048584
2059-12-31 00:00:00,ssp585,North America,3.0506897
2060-12-31 00:00:00,ssp585,North America,3.5548706
2061-12-31 00:00:00,ssp585,North America,3.1748352
2062-12-31 00:00:00,ssp585,North America,3.4170227
2063-12-31 00:00:00,ssp585,North America,3.5422974
2064-12-31 00:00:00,ssp585,North America,3.556366
2065-12-31 00:00:00,ssp585,North America,3.3553467
2066-12-31 00:00:00,ssp585,North America,3.6401062
2067-12-31 00:00:00,ssp585,North America,4.124115
2068-12-31 00:00:00,ssp585,North America,4.59906
2069-12-31 00:00:00,ssp585,North America,3.794281
2070-12-31 00:00:00,ssp585,North America,4.1697083
2071-12-31 00:00:00,ssp585,North America,3.9135437
2072-12-31 00:00:00,ssp585,North America,4.3308716
2073-12-31 00:00:00,ssp585,North America,4.343628
2074-12-31 00:00:00,ssp585,North America,4.529846
2075-12-31 00:00:00,ssp585,North America,4.312195
2076-12-31 00:00:00,ssp585,North America,4.854889
2077-12-31 00:00:00,ssp585,North America,4.578705
2078-12-31 00:00:00,ssp585,North America,4.423828
2079-12-31 00:00:00,ssp585,North America,4.8248596
2080-12-31 00:00:00,ssp585,North America,5.018982
2081-12-31 00:00:00,ssp585,North America,5.4010315
2082-12-31 00:00:00,ssp585,North America,5.4483337
2083-12-31 00:00:00,ssp585,North America,5.585785
2084-12-31 00:00:00,ssp585,North America,5.095276
2085-12-31 00:00:00,ssp585,North America,5.5220947
2086-12-31 00:00:00,ssp585,North America,5.5902405
2087-12-31 00:00:00,ssp585,North America,5.435791
2088-12-31 00:00:00,ssp585,North America,5.980255
2089-12-31 00:00:00,ssp585,North America,5.592499
2090-12-31 00:00:00,ssp585,North America,5.6320496
2091-12-31 00:00:00,ssp585,North America,6.060028
2092-12-31 00:00:00,ssp585,North America,6.118927
2093-12-31 00:00:00,ssp585,North America,6.082489
2094-12-31 00:00:00,ssp585,North America,5.86322
2095-12-31 00:00:00,ssp585,North America,6.5108337
2096-12-31 00:00:00,ssp585,North America,6.7855835
2097-12-31 00:00:00,ssp585,North America,6.5401306
2098-12-31 00:00:00,ssp585,North America,6.3194885
2099-12-31 00:00:00,ssp585,North America,6.079895
2100-12-31 00:00:00,ssp585,North America,6.5773315
2015-12-31 00:00:00,ssp585,South America,0.40649414
2016-12-31 00:00:00,ssp585,South America,0.39715576
2017-12-31 00:00:00,ssp585,South America,0.6453552
2018-12-31 00:00:00,ssp585,South America,0.89105225
2019-12-31 00:00:00,ssp585,South America,0.39593506
2020-12-31 00:00:00,ssp585,South America,0.40518188
2021-12-31 00:00:00,ssp585,South America,0.81503296
2022-12-31 00:00:00,ssp585,South America,0.9877014
2023-12-31 00:00:00,ssp585,South America,0.7999573
2024-12-31 00:00:00,ssp585,South America,0.68740845
2025-12-31 00:00:00,ssp585,South America,0.65133667
2026-12-31 00:00:00,ssp585,South America,0.6855774
2027-12-31 00:00:00,ssp585,South America,0.9739075
2028-12-31 00:00:00,ssp585,South America,0.88201904
2029-12-31 00:00:00,ssp585,South America,0.8678589
2030-12-31 00:00:00,ssp585,South America,0.77407837
2031-12-31 00:00:00,ssp585,South America,0.94992065
2032-12-31 00:00:00,ssp585,South America,0.81240845
2033-12-31 00:00:00,ssp585,South America,0.8551941
2034-12-31 00:00:00,ssp585,South America,1.0839233
2035-12-31 00:00:00,ssp585,South America,1.0480957
2036-12-31 00:00:00,ssp585,South America,1.1952515
2037-12-31 00:00:00,ssp585,South America,0.9640808
2038-12-31 00:00:00,ssp585,South America,1.3917847
2039-12-31 00:00:00,ssp585,South America,1.6143188
2040-12-31 00:00:00,ssp585,South America,1.2411804
2041-12-31 00:00:00,ssp585,South America,1.3987732
2042-12-31 00:00:00,ssp585,South America,1.625
2043-12-31 00:00:00,ssp585,South America,1.4771423
2044-12-31 00:00:00,ssp585,South America,1.3560791
2045-12-31 00:00:00,ssp585,South America,1.4926758
2046-12-31 00:00:00,ssp585,South America,1.579071
2047-12-31 00:00:00,ssp585,South America,1.4394836
2048-12-31 00:00:00,ssp585,South America,1.7237549
2049-12-31 00:00:00,ssp585,South America,1.8757629
2050-12-31 00:00:00,ssp585,South America,1.6918335
2051-12-31 00:00:00,ssp585,South America,1.7801514
2052-12-31 00:00:00,ssp585,South America,2.283661
2053-12-31 00:00:00,ssp585,South America,1.8799744
2054-12-31 00:00:00,ssp585,South America,2.082428
2055-12-31 00:00:00,ssp585,South America,2.264557
2056-12-31 00:00:00,ssp585,South America,2.0699768
2057-12-31 00:00:00,ssp585,South America,2.1730347
2058-12-31 00:00:00,ssp585,South America,2.03714
2059-12-31 00:00:00,ssp585,South America,2.2849731
2060-12-31 00:00:00,ssp585,South America,2.8094482
2061-12-31 00:00:00,ssp585,South America,2.308258
2062-12-31 00:00:00,ssp585,South America,2.527832
2063-12-31 00:00:00,ssp585,South America,2.8563538
2064-12-31 00:00:00,ssp585,South America,2.6054382
2065-12-31 00:00:00,ssp585,South America,2.3917542
2066-12-31 00:00:00,ssp585,South America,2.845581
2067-12-31 00:00:00,ssp585,South America,2.6157532
2068-12-31 00:00:00,ssp585,South America,2.7960815
2069-12-31 00:00:00,ssp585,South America,2.350708
2070-12-31 00:00:00,ssp585,South America,2.831726
2071-12-31 00:00:00,ssp585,South America,2.7201843
2072-12-31 00:00:00,ssp585,South America,2.863922
2073-12-31 00:00:00,ssp585,South America,2.9286804
2074-12-31 00:00:00,ssp585,South America,2.6488037
2075-12-31 00:00:00,ssp585,South America,2.7451172
2076-12-31 00:00:00,ssp585,South America,3.0819397
2077-12-31 00:00:00,ssp585,South America,3.053711
2078-12-31 00:00:00,ssp585,South America,3.0664978
2079-12-31 00:00:00,ssp585,South America,3.4177246
2080-12-31 00:00:00,ssp585,South America,3.4281006
2081-12-31 00:00:00,ssp585,South America,3.6219788
2082-12-31 00:00:00,ssp585,South America,3.7850342
2083-12-31 00:00:00,ssp585,South America,3.5145264
2084-12-31 00:00:00,ssp585,South America,3.2950134
2085-12-31 00:00:00,ssp585,South America,3.7125854
2086-12-31 00:00:00,ssp585,South America,3.8214722
2087-12-31 00:00:00,ssp585,South America,3.4923096
2088-12-31 00:00:00,ssp585,South America,3.814331
2089-12-31 00:00:00,ssp585,South America,3.872589
2090-12-31 00:00:00,ssp585,South America,3.8456116
2091-12-31 00:00:00,ssp585,South America,4.0870667
2092-12-31 00:00:00,ssp585,South America,4.0048523
2093-12-31 00:00:00,ssp585,South America,4.65094
2094-12-31 00:00:00,ssp585,South America,3.6746826
2095-12-31 00:00:00,ssp585,South America,4.4227295
2096-12-31 00:00:00,ssp585,South America,4.465973
2097-12-31 00:00:00,ssp585,South America,4.576996
2098-12-31 00:00:00,ssp585,South America,4.294739
2099-12-31 00:00:00,ssp585,South America,4.1299744
2100-12-31 00:00:00,ssp585,South America,4.305542
2015-12-31 00:00:00,ssp585,Europe,1.1513977
2016-12-31 00:00:00,ssp585,Europe,0.4028015
2017-12-31 00:00:00,ssp585,Europe,0.25668335
2018-12-31 00:00:00,ssp585,Europe,0.34310913
2019-12-31 00:00:00,ssp585,Europe,0.80804443
2020-12-31 00:00:00,ssp585,Europe,0.40847778
2021-12-31 00:00:00,ssp585,Europe,-0.1789856
2022-12-31 00:00:00,ssp585,Europe,0.8474121
2023-12-31 00:00:00,ssp585,Europe,0.98028564
2024-12-31 00:00:00,ssp585,Europe,1.2325134
2025-12-31 00:00:00,ssp585,Europe,1.0366516
2026-12-31 00:00:00,ssp585,Europe,1.4325562
2027-12-31 00:00:00,ssp585,Europe,1.1651001
2028-12-31 00:00:00,ssp585,Europe,0.95510864
2029-12-31 00:00:00,ssp585,Europe,1.2840576
2030-12-31 00:00:00,ssp585,Europe,1.5040283
2031-12-31 00:00:00,ssp585,Europe,1.640686
2032-12-31 00:00:00,ssp585,Europe,1.8922119
2033-12-31 00:00:00,ssp585,Europe,1.5684204
2034-12-31 00:00:00,ssp585,Europe,1.654602
2035-12-31 00:00:00,ssp585,Europe,1.890564
2036-12-31 00:00:00,ssp585,Europe,1.8303528
2037-12-31 00:00:00,ssp585,Europe,1.8535767
2038-12-31 00:00:00,ssp585,Europe,1.4604492
2039-12-31 00:00:00,ssp585,Europe,1.7915039
2040-12-31 00:00:00,ssp585,Europe,1.8039246
2041-12-31 00:00:00,ssp585,Europe,2.083374
2042-12-31 00:00:00,ssp585,Europe,2.3787537
2043-12-31 00:00:00,ssp585,Europe,1.9265442
2044-12-31 00:00:00,ssp585,Europe,2.0783997
2045-12-31 00:00:00,ssp585,Europe,1.88797
2046-12-31 00:00:00,ssp585,Europe,2.2723083
2047-12-31 00:00:00,ssp585,Europe,3.218048
2048-12-31 00:00:00,ssp585,Europe,2.1516724
2049-12-31 00:00:00,ssp585,Europe,3.2349854
2050-12-31 00:00:00,ssp585,Europe,3.3714294
2051-12-31 00:00:00,ssp585,Europe,3.3537598
2052-12-31 00:00:00,ssp585,Europe,2.9064941
2053-12-31 00:00:00,ssp585,Europe,2.5148926
2054-12-31 00:00:00,ssp585,Europe,2.5331116
2055-12-31 00:00:00,ssp585,Europe,2.9528198
2056-12-31 00:00:00,ssp585,Europe,2.8301086
2057-12-31 00:00:00,ssp585,Europe,3.078888
2058-12-31 00:00:00,ssp585,Europe,3.842926
2059-12-31 00:00:00,ssp585,Europe,3.7452087
2060-12-31 00:00:00,ssp585,Europe,3.3343506
2061-12-31 00:00:00,ssp585,Europe,2.8654785
2062-12-31 00:00:00,ssp585,Europe,2.6260986
2063-12-31 00:00:00,ssp585,Europe,3.4242249
2064-12-31 00:00:00,ssp585,Europe,3.1066895
2065-12-31 00:00:00,ssp585,Europe,3.6500854
2066-12-31 00:00:00,ssp585,Europe,3.3652954
2067-12-31 00:00:00,ssp585,Europe,3.7733765
2068-12-31 00:00:00,ssp585,Europe,4.004883
2069-12-31 00:00:00,ssp585,Europe,4.482086
2070-12-31 00:00:00,ssp585,Europe,4.6281433
2071-12-31 00:00:00,ssp585,Europe,4.1539307
2072-12-31 00:00:00,ssp585,Europe,4.2229614
2073-12-31 00:00:00,ssp585,Europe,3.7089233
2074-12-31 00:00:00,ssp585,Europe,4.3974
2075-12-31 00:00:00,ssp585,Europe,4.569458
2076-12-31 00:00:00,ssp585,Europe,3.9542847
2077-12-31 00:00:00,ssp585,Europe,4.1398926
2078-12-31 00:00:00,ssp585,Europe,4.704651
2079-12-31 00:00:00,ssp585,Europe,5.0651855
2080-12-31 00:00:00,ssp585,Europe,5.262329
2081-12-31 00:00:00,ssp585,Europe,5.328949
2082-12-31 00:00:00,ssp585,Europe,5.0796814
2083-12-31 00:00:00,ssp585,Europe,4.8612976
2084-12-31 00:00:00,ssp585,Europe,5.1676025
2085-12-31 00:00:00,ssp585,Europe,5.22171
2086-12-31 00:00:00,ssp585,Europe,5.694702
2087-12-31 00:00:00,ssp585,Europe,4.968628
2088-12-31 00:00:00,ssp585,Europe,5.251343
2089-12-31 00:00:00,ssp585,Europe,5.033966
2090-12-31 00:00:00,ssp585,Europe,5.623657
2091-12-31 00:00:00,ssp585,Europe,5.742218
2092-12-31 00:00:00,ssp585,Europe,5.687256
2093-12-31 00:00:00,ssp585,Europe,6.610779
2094-12-31 00:00:00,ssp585,Europe,6.251404
2095-12-31 00:00:00,ssp585,Europe,5.968689
2096-12-31 00:00:00,ssp585,Europe,5.0274963
2097-12-31 00:00:00,ssp585,Europe,6.7367554
2098-12-31 00:00:00,ssp585,Europe,6.7165527
2099-12-31 00:00:00,ssp585,Europe,6.4691467
2100-12-31 00:00:00,ssp585,Europe,6.1347656
2015-12-31 00:00:00,ssp585,Africa,0.39331055
2016-12-31 00:00:00,ssp585,Africa,0.35638428
2017-12-31 00:00:00,ssp585,Africa,0.47607422
2018-12-31 00:00:00,ssp585,Africa,0.45996094
2019-12-31 00:00:00,ssp585,Africa,0.53338623
2020-12-31 00:00:00,ssp585,Africa,0.2925415
2021-12-31 00:00:00,ssp585,Africa,0.6526184
2022-12-31 00:00:00,ssp585,Africa,0.9350281
2023-12-31 00:00:00,ssp585,Africa,0.5923157
2024-12-31 00:00:00,ssp585,Africa,0.63635254
2025-12-31 00:00:00,ssp585,Africa,0.6486206
2026-12-31 00:00:00,ssp585,Africa,0.89920044
2027-12-31 00:00:00,ssp585,Africa,1.0758362
2028-12-31 00:00:00,ssp585,Africa,0.9194641
2029-12-31 00:00:00,ssp585,Africa,1.1205444
2030-12-31 00:00:00,ssp585,Africa,0.8317261
2031-12-31 00:00:00,ssp585,Africa,0.9511719
2032-12-31 00:00:00,ssp585,Africa,0.9532776
2033-12-31 00:00:00,ssp585,Africa,0.9846802
2034-12-31 00:00:00,ssp585,Africa,1.1149597
2035-12-31 00:00:00,ssp585,Africa,1.1360474
2036-12-31 00:00:00,ssp585,Africa,1.1508789
2037-12-31 00:00:00,ssp585,Africa,1.0505981
2038-12-31 00:00:00,ssp585,Africa,1.3137207
2039-12-31 00:00:00,ssp585,Africa,1.4159546
2040-12-31 00:00:00,ssp585,Africa,1.3343811
2041-12-31 00:00:00,ssp585,Africa,1.3952026
2042-12-31 00:00:00,ssp585,Africa,1.776886
2043-12-31 00:00:00,ssp585,Africa,1.4812012
2044-12-31 00:00:00,ssp585,Africa,1.5665588
2045-12-31 00:00:00,ssp585,Africa,1.5578918
2046-12-31 00:00:00,ssp585,Africa,1.7775574
2047-12-31 00:00:00,ssp585,Africa,1.5007629
2048-12-31 00:00:00,ssp585,Africa,1.7588806
2049-12-31 00:00:00,ssp585,Africa,1.7612915
2050-12-31 00:00:00,ssp585,Africa,1.6908569
2051-12-31 00:00:00,ssp585,Africa,1.7525024
2052-12-31 00:00:00,ssp585,Africa,2.441101
2053-12-31 00:00:00,ssp585,Africa,1.8581238
2054-12-31 00:00:00,ssp585,Africa,2.4210205
2055-12-31 00:00:00,ssp585,Africa,2.1490784
2056-12-31 00:00:00,ssp585,Africa,1.9988708
2057-12-31 00:00:00,ssp585,Africa,2.2589417
2058-12-31 00:00:00,ssp585,Africa,2.2774353
2059-12-31 00:00:00,ssp585,Africa,2.0927124
2060-12-31 00:00:00,ssp585,Africa,2.6612244
2061-12-31 00:00:00,ssp585,Africa,2.5300293
2062-12-31 00:00:00,ssp585,Africa,2.6034546
2063-12-31 00:00:00,ssp585,Africa,2.9398804
2064-12-31 00:00:00,ssp585,Africa,3.0544128
2065-12-31 00:00:00,ssp585,Africa,2.772705
2066-12-31 00:00:00,ssp585,Africa,3.1133423
2067-12-31 00:00:00,ssp585,Africa,3.0305786
2068-12-31 00:00:00,ssp585,Africa,3.1687927
2069-12-31 00:00:00,ssp585,Africa,2.7605286
2070-12-31 00:00:00,ssp585,Africa,3.0605774
2071-12-31 00:00:00,ssp585,Africa,3.100586
2072-12-31 00:00:00,ssp585,Africa,2.9836426
2073-12-31 00:00:00,ssp585,Africa,3.1202087
2074-12-31 00:00:00,ssp585,Africa,2.807129
2075-12-31 00:00:00,ssp585,Africa,2.8318481
2076-12-31 00:00:00,ssp585,Africa,3.3990784
2077-12-31 00:00:00,ssp585,Africa,3.2397156
2078-12-31 00:00:00,ssp585,Africa,3.351471
2079-12-31 00:00:00,ssp585,Africa,3.5567932
2080-12-31 00:00:00,ssp585,Africa,3.493927
2081-12-31 00:00:00,ssp585,Africa,3.923462
2082-12-31 00:00:00,ssp585,Africa,3.960205
2083-12-31 00:00:00,ssp585,Africa,3.8344421
2084-12-31 00:00:00,ssp585,Africa,3.6061096
2085-12-31 00:00:00,ssp585,Africa,3.9186401
2086-12-31 00:00:00,ssp585,Africa,3.7478943
2087-12-31 00:00:00,ssp585,Africa,3.8781433
2088-12-31 00:00:00,ssp585,Africa,4.156067
2089-12-31 00:00:00,ssp585,Africa,4.0905457
2090-12-31 00:00:00,ssp585,Africa,4.1211853
2091-12-31 00:00:00,ssp585,Africa,4.1490173
2092-12-31 00:00:00,ssp585,Africa,4.3996887
2093-12-31 00:00:00,ssp585,Africa,4.63208
2094-12-31 00:00:00,ssp585,Africa,4.0776978
2095-12-31 00:00:00,ssp585,Africa,4.4461975
2096-12-31 00:00:00,ssp585,Africa,4.756073
2097-12-31 00:00:00,ssp585,Africa,4.643036
2098-12-31 00:00:00,ssp585,Africa,4.705078
2099-12-31 00:00:00,ssp585,Africa,4.528076
2100-12-31 00:00:00,ssp585,Africa,4.775177
2015-12-31 00:00:00,ssp585,Asia,0.9222107
2016-12-31 00:00:00,ssp585,Asia,0.3975525
2017-12-31 00:00:00,ssp585,Asia,0.4177246
2018-12-31 00:00:00,ssp585,Asia,0.8234253
2019-12-31 00:00:00,ssp585,Asia,0.87216187
2020-12-31 00:00:00,ssp585,Asia,0.9456482
2021-12-31 00:00:00,ssp585,Asia,0.30264282
2022-12-31 00:00:00,ssp585,Asia,0.60110474
2023-12-31 00:00:00,ssp585,Asia,1.0053711
2024-12-31 00:00:00,ssp585,Asia,1.2865906
2025-12-31 00:00:00,ssp585,Asia,1.4990845
2026-12-31 00:00:00,ssp585,Asia,1.4662781
2027-12-31 00:00:00,ssp585,Asia,1.2389832
2028-12-31 00:00:00,ssp585,Asia,1.5704956
2029-12-31 00:00:00,ssp585,Asia,1.4629822
2030-12-31 00:00:00,ssp585,Asia,1.4301453
2031-12-31 00:00:00,ssp585,Asia,1.4382019
2032-12-31 00:00:00,ssp585,Asia,1.9771423
2033-12-31 00:00:00,ssp585,Asia,1.6542664
2034-12-31 00:00:00,ssp585,Asia,1.8110657
2035-12-31 00:00:00,ssp585,Asia,1.9202881
2036-12-31 00:00:00,ssp585,Asia,1.7724304
2037-12-31 00:00:00,ssp585,Asia,1.9666748
2038-12-31 00:00:00,ssp585,Asia,1.5292969
2039-12-31 00:00:00,ssp585,Asia,1.9101562
2040-12-31 00:00:00,ssp585,Asia,1.7961121
2041-12-31 00:00:00,ssp585,Asia,2.1553345
2042-12-31 00:00:00,ssp585,Asia,2.4107056
2043-12-31 00:00:00,ssp585,Asia,2.0154114
2044-12-31 00:00:00,ssp585,Asia,2.2178955
2045-12-31 00:00:00,ssp585,Asia,2.4700928
2046-12-31 00:00:00,ssp585,Asia,2.4096375
2047-12-31 00:00:00,ssp585,Asia,2.3279724
2048-12-31 00:00:00,ssp585,Asia,2.677948
2049-12-31 00:00:00,ssp585,Asia,2.9629211
2050-12-31 00:00:00,ssp585,Asia,3.268982
2051-12-31 00:00:00,ssp585,Asia,3.1481323
2052-12-31 00:00:00,ssp585,Asia,3.204956
2053-12-31 00:00:00,ssp585,Asia,3.0092773
2054-12-31 00:00:00,ssp585,Asia,2.9874573
2055-12-31 00:00:00,ssp585,Asia,3.2619934
2056-12-31 00:00:00,ssp585,Asia,3.0509338
2057-12-31 00:00:00,ssp585,Asia,3.6011047
2058-12-31 00:00:00,ssp585,Asia,3.7617188
2059-12-31 00:00:00,ssp585,Asia,4.2309265
2060-12-31 00:00:00,ssp585,Asia,3.7658386
2061-12-31 00:00:00,ssp585,Asia,3.714447
2062-12-31 00:00:00,ssp585,Asia,3.2911377
2063-12-31 00:00:00,ssp585,Asia,3.7505493
2064-12-31 00:00:00,ssp585,Asia,3.7068787
2065-12-31 00:00:00,ssp585,Asia,4.2658997
2066-12-31 00:00:00,ssp585,Asia,3.9736328
2067-12-31 00:00:00,ssp585,Asia,4.2808228
2068-12-31 00:00:00,ssp585,Asia,4.6647034
2069-12-31 00:00:00,ssp585,Asia,4.741516
2070-12-31 00:00:00,ssp585,Asia,4.741913
2071-12-31 00:00:00,ssp585,Asia,4.4287415
2072-12-31 00:00:00,ssp585,Asia,4.649414
2073-12-31 00:00:00,ssp585,Asia,4.7111816
2074-12-31 00:00:00,ssp585,Asia,4.543762
2075-12-31 00:00:00,ssp585,Asia,4.6799927
2076-12-31 00:00:00,ssp585,Asia,4.5438538
2077-12-31 00:00:00,ssp585,Asia,4.589386
2078-12-31 00:00:00,ssp585,Asia,4.873413
2079-12-31 00:00:00,ssp585,Asia,5.4176636
2080-12-31 00:00:00,ssp585,Asia,5.6486816
2081-12-31 00:00:00,ssp585,Asia,5.69104
2082-12-31 00:00:00,ssp585,Asia,5.940399
2083-12-31 00:00:00,ssp585,Asia,5.430084
2084-12-31 00:00:00,ssp585,Asia,5.748993
2085-12-31 00:00:00,ssp585,Asia,5.6772766
2086-12-31 00:00:00,ssp585,Asia,6.151581
2087-12-31 00:00:00,ssp585,Asia,5.6407776
2088-12-31 00:00:00,ssp585,Asia,5.6257935
2089-12-31 00:00:00,ssp585,Asia,5.958008
2090-12-31 00:00:00,ssp585,Asia,6.2695923
2091-12-31 00:00:00,ssp585,Asia,6.034027
2092-12-31 00:00:00,ssp585,Asia,6.0393066
2093-12-31 00:00:00,ssp585,Asia,6.728668
2094-12-31 00:00:00,ssp585,Asia,6.5448303
2095-12-31 00:00:00,ssp585,Asia,6.221924
2096-12-31 00:00:00,ssp585,Asia,6.1688843
2097-12-31 00:00:00,ssp585,Asia,6.8640137
2098-12-31 00:00:00,ssp585,Asia,6.8433533
2099-12-31 00:00:00,ssp585,Asia,6.873932
2100-12-31 00:00:00,ssp585,Asia,6.8288574
